location,total_sqft,bath,balcony,price,bhk
Thanisandra,1492.0,3.0,1.0,88.0,3
Raja Rajeshwari Nagar,1400.0,2.0,2.0,48.0,3
Whitefield,1530.0,3.0,3.0,75.0,3
Uttarahalli,1560.0,3.0,3.0,74.0,3
7th Phase JP Nagar,1850.0,3.0,2.0,155.0,3
Thanisandra,1265.0,2.0,2.0,46.6,2
7th Phase JP Nagar,1245.0,2.0,1.0,94.0,2
Raja Rajeshwari Nagar,1133.0,2.0,1.0,38.37,2
Hennur Road,1036.0,2.0,1.0,59.45,2
Uttarahalli,1330.0,2.0,2.0,39.9,3
Yelahanka,1150.0,2.0,2.0,46.0,2
Whitefield,1020.0,2.0,2.0,45.0,2
Hebbal,1150.0,2.0,1.0,57.0,2
Electronic City Phase II,1140.0,2.0,1.0,32.92,2
Hebbal,1200.0,4.0,2.0,225.0,4
Marathahalli,1730.0,3.0,3.0,139.0,3
Uttarahalli,1100.0,1.0,2.0,45.0,2
Thanisandra,1996.0,4.0,1.0,123.0,3
Thanisandra,2087.0,4.0,2.0,139.0,3
Electronic City,1150.0,2.0,2.0,35.0,2
Sarjapur  Road,1035.0,2.0,2.0,49.0,2
Sarjapur  Road,1241.0,2.0,1.0,82.0,2
Sarjapur  Road,1120.0,2.0,2.0,50.0,2
Electronic City Phase II,1125.0,2.0,1.0,32.49,2
Raja Rajeshwari Nagar,1100.0,2.0,1.0,55.0,2
Sarjapur  Road,1787.0,3.0,2.0,98.29,3
Uttarahalli,1255.0,2.0,2.0,50.19,3
Electronic City,630.0,1.0,1.0,47.0,1
Whitefield,1109.0,2.0,1.0,41.49,2
Raja Rajeshwari Nagar,1140.0,2.0,1.0,49.39,2
Sarjapur  Road,1205.0,2.0,2.0,37.0,2
7th Phase JP Nagar,1460.0,3.0,1.0,70.0,3
Bannerghatta Road,595.0,1.0,1.0,31.83,1
Yelahanka,1322.0,2.0,2.0,86.0,2
Uttarahalli,1650.0,2.0,1.0,50.0,3
Electronic City,1440.0,2.0,2.0,55.0,3
Yelahanka,935.0,2.0,1.0,35.53,2
Sarjapur  Road,1305.0,2.0,1.0,99.0,2
Marathahalli,1680.0,3.0,3.0,105.0,3
Whitefield,1250.0,2.0,2.0,72.0,2
Whitefield,905.0,1.0,1.0,50.0,1
7th Phase JP Nagar,1000.0,2.0,1.0,61.0,2
Bannerghatta Road,1237.5,2.0,0.0,49.49,2
Kanakpura Road,1843.0,3.0,2.0,92.15,3
Kanakpura Road,1452.0,3.0,3.0,60.0,3
Thanisandra,1430.0,2.0,2.0,51.48,3
Thanisandra,1241.0,2.0,1.0,65.0,3
Electronic City Phase II,1020.0,2.0,1.0,27.43,2
7th Phase JP Nagar,1100.0,2.0,0.0,46.0,2
Electronic City,1620.0,3.0,2.0,62.0,3
Kanakpura Road,381.0,1.0,1.0,28.0,1
Electronic City,770.0,1.0,1.0,40.0,2
Haralur Road,1875.0,3.0,2.0,110.0,3
Yelahanka,602.0,1.0,1.0,26.0,1
Whitefield,1150.0,2.0,1.0,70.0,2
Whitefield,1820.0,3.0,2.0,140.0,3
Kanakpura Road,1665.0,3.0,2.0,86.58,3
Yelahanka,1025.0,2.0,1.0,44.0,2
Hebbal,1760.0,3.0,2.0,123.0,3
Thanisandra,1491.0,3.0,1.0,88.0,3
Bannerghatta Road,1000.0,2.0,1.0,50.0,2
Haralur Road,1890.0,3.0,2.0,84.0,3
Whitefield,1240.0,2.0,2.0,41.0,2
Sarjapur  Road,1320.0,2.0,1.0,100.0,2
Kanakpura Road,1673.0,3.0,2.0,115.0,3
Hennur Road,1445.0,2.0,1.0,105.0,3
Raja Rajeshwari Nagar,1530.0,3.0,2.0,57.0,3
Uttarahalli,1617.0,3.0,3.0,66.68,3
Whitefield,1116.0,2.0,1.0,51.91,2
Electronic City,2093.0,4.0,2.0,134.0,4
Sarjapur  Road,1787.0,3.0,2.0,125.0,3
Kanakpura Road,700.0,2.0,2.0,36.0,2
Hennur Road,1192.0,2.0,1.0,62.0,3
Marathahalli,1135.0,2.0,2.0,60.0,2
Whitefield,1870.0,3.0,2.0,138.0,3
7th Phase JP Nagar,1070.0,2.0,1.0,42.79,2
Raja Rajeshwari Nagar,1419.0,2.0,2.0,48.1,2
Electronic City,1128.0,2.0,1.0,65.0,2
7th Phase JP Nagar,1370.0,2.0,1.0,54.79,3
Whitefield,1496.0,2.0,1.0,71.81,3
Sarjapur  Road,1700.0,3.0,3.0,108.0,3
Uttarahalli,1330.0,2.0,1.0,47.0,3
Bannerghatta Road,1445.0,3.0,2.0,95.0,3
Hebbal,1075.0,2.0,0.0,52.0,2
7th Phase JP Nagar,1430.0,2.0,1.0,102.0,3
7th Phase JP Nagar,1236.0,2.0,2.0,61.33,2
Hennur Road,1015.0,2.0,2.0,50.0,2
Electronic City,1190.0,2.0,1.0,42.0,2
Uttarahalli,1250.0,2.0,3.0,50.0,3
Hennur Road,1305.0,2.0,1.0,77.0,3
Hebbal,1255.0,2.0,1.0,77.68,3
Yelahanka,1590.0,2.0,2.0,54.0,3
Hebbal,1252.0,2.0,1.0,92.0,2
Whitefield,1200.0,2.0,1.0,46.13,2
Yelahanka,1800.0,4.0,2.0,180.0,4
Electronic City,1165.0,2.0,1.0,33.65,2
Yelahanka,1705.0,3.0,1.0,91.0,3
Kanakpura Road,1300.0,2.0,3.0,69.0,3
Hennur Road,1482.0,2.0,1.0,68.9,3
Marathahalli,607.0,1.0,1.0,35.0,1
Whitefield,1140.0,2.0,1.0,56.0,2
Haralur Road,1243.0,2.0,2.0,46.0,2
Yelahanka,1590.0,3.0,1.0,54.0,3
Kanakpura Road,1339.0,2.0,2.0,67.0,2
Yelahanka,1326.0,2.0,2.0,57.0,2
Uttarahalli,1215.0,2.0,2.0,52.85,3
Thanisandra,1948.0,4.0,2.0,129.0,4
Thanisandra,1098.0,2.0,1.0,71.0,2
Hebbal,1760.0,2.0,2.0,123.0,3
Marathahalli,1385.0,2.0,2.0,66.65,3
Marathahalli,1710.0,3.0,2.0,135.0,3
Sarjapur  Road,1230.0,2.0,1.0,65.0,2
Raja Rajeshwari Nagar,1303.0,2.0,2.0,55.79,2
Electronic City Phase II,1155.0,2.0,1.0,57.0,2
Marathahalli,1678.0,3.0,3.0,70.0,3
Electronic City Phase II,920.0,2.0,2.0,26.0,2
Whitefield,1116.0,2.0,3.0,48.76,2
7th Phase JP Nagar,2095.0,3.0,2.0,150.0,3
Haralur Road,1810.0,3.0,2.0,97.83,3
Marathahalli,1075.0,2.0,2.0,52.43,2
Sarjapur  Road,1685.0,3.0,1.0,135.0,3
Electronic City Phase II,1089.0,2.0,0.0,32.67,2
Electronic City Phase II,1000.0,2.0,1.0,25.0,2
Haralur Road,1000.0,2.0,2.0,44.0,2
Thanisandra,2100.0,4.0,1.0,95.0,4
Yelahanka,1465.0,3.0,2.0,80.01,3
Sarjapur  Road,1846.0,3.0,2.0,155.0,3
Uttarahalli,1000.0,2.0,2.0,39.5,2
Sarjapur  Road,835.0,1.0,1.0,46.95,1
Whitefield,1655.0,3.0,2.0,113.0,3
Raja Rajeshwari Nagar,1610.0,3.0,2.0,74.0,3
Marathahalli,1240.0,2.0,2.0,55.0,2
Raja Rajeshwari Nagar,1500.0,3.0,2.0,88.0,3
Whitefield,1451.0,2.0,2.0,52.43,3
Electronic City,1200.0,2.0,1.0,34.65,2
Thanisandra,662.0,1.0,0.0,45.0,1
Kanakpura Road,900.0,2.0,1.0,42.0,2
Whitefield,1216.0,2.0,1.0,75.0,2
Haralur Road,1560.0,3.0,1.0,90.0,3
Marathahalli,1196.0,2.0,2.0,57.9,2
Electronic City,1320.0,2.0,1.0,38.12,3
Hennur Road,1445.0,3.0,1.0,86.56,3
Hebbal,1200.0,2.0,1.0,52.0,2
Electronic City Phase II,1160.0,2.0,1.0,33.5,2
Whitefield,1435.0,3.0,2.0,45.0,3
Thanisandra,1050.0,2.0,2.0,45.0,2
Uttarahalli,1150.0,2.0,1.0,49.0,2
Yelahanka,1566.0,3.0,2.0,97.0,3
Sarjapur  Road,1370.0,2.0,1.0,70.0,2
Marathahalli,1156.0,2.0,2.0,52.0,2
Hennur Road,1341.0,2.0,1.0,95.0,2
Hebbal,1200.0,2.0,2.0,52.0,2
Bannerghatta Road,1115.0,2.0,1.0,61.0,2
Thanisandra,1847.0,3.0,2.0,123.0,3
Sarjapur  Road,1178.0,2.0,2.0,40.43,2
Sarjapur  Road,1186.0,2.0,2.0,40.0,3
Thanisandra,1922.0,3.0,3.0,106.0,3
Electronic City Phase II,1400.0,2.0,2.0,40.43,3
Thanisandra,1651.0,3.0,3.0,97.38,3
Uttarahalli,1002.0,2.0,1.0,40.08,2
Whitefield,1346.0,2.0,1.0,96.17,2
Uttarahalli,1008.0,2.0,3.0,45.0,2
Kanakpura Road,1591.0,3.0,1.0,115.0,3
Yelahanka,1322.0,2.0,1.0,77.9,2
Electronic City,1111.0,3.0,1.0,50.0,3
Electronic City,921.0,2.0,1.0,34.0,2
Whitefield,1270.0,2.0,1.0,94.0,2
Raja Rajeshwari Nagar,1630.0,3.0,2.0,60.65,3
Hennur Road,1949.0,3.0,1.0,133.0,3
Whitefield,1140.0,2.0,2.0,41.0,2
Electronic City,1070.0,2.0,1.0,48.0,2
Electronic City,1200.0,2.0,1.0,59.0,2
Thanisandra,1185.0,2.0,2.0,44.0,2
Hennur Road,1065.0,2.0,1.0,42.6,2
Whitefield,1215.0,2.0,1.0,62.0,2
Kanakpura Road,1868.0,3.0,2.0,113.0,3
Hebbal,1204.0,2.0,2.0,45.0,2
Hebbal,1333.0,2.0,1.0,104.0,2
Thanisandra,1148.0,2.0,1.0,43.5,2
Marathahalli,1230.0,2.0,2.0,80.0,2
Hennur Road,1232.0,2.0,1.0,69.61,2
Whitefield,1485.0,3.0,2.0,65.0,3
Bannerghatta Road,595.0,1.0,1.0,33.32,1
Thanisandra,1265.0,2.0,1.0,78.0,2
Marathahalli,1200.0,2.0,2.0,60.0,2
Sarjapur  Road,2206.0,4.0,1.0,180.0,3
Sarjapur  Road,1262.0,2.0,2.0,67.0,2
Whitefield,1459.0,2.0,1.0,94.82,2
7th Phase JP Nagar,1040.0,2.0,1.0,39.52,2
Kanakpura Road,1665.0,3.0,2.0,86.58,3
Electronic City,1096.0,2.0,2.0,40.55,2
Yelahanka,1200.0,2.0,2.0,60.0,2
Sarjapur  Road,1155.0,2.0,1.0,58.0,2
Electronic City Phase II,1065.0,2.0,1.0,30.75,2
Bannerghatta Road,1280.0,2.0,2.0,60.16,2
Haralur Road,1194.0,2.0,2.0,46.0,2
Raja Rajeshwari Nagar,1140.0,2.0,2.0,39.0,2
Sarjapur  Road,1984.0,4.0,1.0,148.0,3
Haralur Road,1444.0,2.0,1.0,80.0,3
Sarjapur  Road,1216.0,2.0,2.0,70.0,2
Electronic City,1025.0,1.0,1.0,26.63,2
Raja Rajeshwari Nagar,1095.0,2.0,1.0,38.33,2
Haralur Road,1194.0,2.0,2.0,47.0,2
Electronic City,1449.0,3.0,2.0,100.0,3
7th Phase JP Nagar,1450.0,2.0,1.0,100.0,3
Kanakpura Road,1328.0,2.0,2.0,107.0,2
Raja Rajeshwari Nagar,1200.0,4.0,0.0,220.0,4
Electronic City Phase II,630.0,1.0,1.0,28.35,1
Yelahanka,1250.0,2.0,2.0,54.0,2
Electronic City,1065.0,2.0,1.0,30.75,2
Hennur Road,1832.0,3.0,1.0,116.0,3
Whitefield,1074.0,2.0,1.0,42.79,2
Kanakpura Road,1252.0,2.0,1.0,56.32,2
Electronic City,1110.0,2.0,1.0,40.0,2
Whitefield,1697.0,3.0,2.0,94.79,3
Whitefield,1173.0,2.0,1.0,58.0,2
Yelahanka,1305.0,2.0,1.0,78.0,2
Whitefield,1040.0,2.0,1.0,48.5,2
Raja Rajeshwari Nagar,1128.0,2.0,2.0,40.0,2
7th Phase JP Nagar,1040.0,2.0,1.0,41.59,2
Raja Rajeshwari Nagar,1306.0,2.0,2.0,44.17,2
Bannerghatta Road,1365.0,3.0,1.0,76.18,3
Whitefield,1350.0,2.0,1.0,88.0,2
Kanakpura Road,1331.0,2.0,1.0,107.0,2
Marathahalli,1350.0,2.0,2.0,62.0,3
Hebbal,1645.0,3.0,2.0,117.0,3
Sarjapur  Road,1220.0,3.0,2.0,56.0,3
Whitefield,1160.0,2.0,1.0,67.0,2
Hennur Road,1065.0,2.0,1.0,42.6,2
Raja Rajeshwari Nagar,1280.0,3.0,2.0,57.6,3
Marathahalli,1910.0,3.0,3.0,119.0,3
Raja Rajeshwari Nagar,1580.0,3.0,3.0,53.56,3
Kanakpura Road,1420.0,3.0,3.0,68.0,3
Kanakpura Road,700.0,2.0,1.0,35.0,2
Uttarahalli,1689.28,3.0,2.0,91.2,3
Electronic City,1128.0,2.0,1.0,65.7,2
Sarjapur  Road,1819.0,3.0,2.0,100.0,3
Raja Rajeshwari Nagar,1050.0,2.0,2.0,37.0,2
Whitefield,1155.0,2.0,1.0,39.0,2
Sarjapur  Road,1489.0,2.0,3.0,82.0,3
Sarjapur  Road,1220.0,3.0,2.0,62.0,3
Sarjapur  Road,1157.0,2.0,1.0,75.0,3
Uttarahalli,1250.0,2.0,2.0,50.0,3
Yelahanka,1250.0,2.0,2.0,40.0,2
Raja Rajeshwari Nagar,1335.0,2.0,1.0,56.0,3
Bannerghatta Road,1270.0,2.0,1.0,73.0,3
Sarjapur  Road,1249.0,3.0,2.0,44.71,3
Electronic City,1039.0,2.0,1.0,50.0,2
Whitefield,1350.0,3.0,2.0,54.0,3
Sarjapur  Road,1418.0,2.0,2.0,78.0,2
Yelahanka,1350.0,2.0,3.0,85.0,3
Raja Rajeshwari Nagar,1400.0,2.0,2.0,86.0,3
Marathahalli,1215.0,2.0,2.0,58.86,2
Sarjapur  Road,1984.0,4.0,1.0,145.0,3
Whitefield,1500.0,3.0,1.0,71.0,3
Kanakpura Road,1610.0,2.0,2.0,55.0,3
Whitefield,1558.0,3.0,2.0,90.0,3
Whitefield,1200.0,2.0,1.0,45.84,2
7th Phase JP Nagar,1275.0,2.0,1.0,87.0,2
Electronic City Phase II,1611.0,2.0,2.0,48.33,3
Hennur Road,1232.0,2.0,1.0,74.0,2
Thanisandra,777.0,1.0,0.0,38.46,1
Haralur Road,1300.0,2.0,2.0,73.0,2
Sarjapur  Road,1455.0,2.0,1.0,98.0,3
Sarjapur  Road,1000.0,2.0,2.0,40.0,2
Uttarahalli,1120.0,2.0,1.0,50.0,2
Whitefield,613.0,1.0,1.0,48.0,1
Whitefield,1260.0,2.0,2.0,49.5,2
Whitefield,1205.0,2.0,1.0,41.0,2
Kanakpura Road,983.0,2.0,1.0,50.6,2
Whitefield,1216.0,2.0,1.0,75.0,2
Sarjapur  Road,1403.0,3.0,3.0,51.63,3
Whitefield,1760.0,3.0,2.0,160.0,3
Whitefield,982.0,2.0,1.0,37.0,2
Whitefield,1173.0,2.0,1.0,77.0,2
Raja Rajeshwari Nagar,1157.0,2.0,1.0,53.8,2
Marathahalli,1102.0,2.0,2.0,53.67,2
Whitefield,1200.0,3.0,1.0,68.4,3
Marathahalli,1735.0,3.0,2.0,72.0,3
Whitefield,1295.0,2.0,3.0,78.5,2
Whitefield,1626.0,3.0,3.0,85.0,3
Whitefield,1500.0,3.0,1.0,61.9,3
Kanakpura Road,381.0,1.0,0.0,28.0,1
Hennur Road,973.0,2.0,1.0,50.74,2
Electronic City Phase II,1400.0,2.0,2.0,40.44,3
7th Phase JP Nagar,1174.0,2.0,1.0,47.0,2
Sarjapur  Road,1150.0,2.0,1.0,48.5,2
Raja Rajeshwari Nagar,1255.0,2.0,1.0,53.87,2
Yelahanka,1075.0,2.0,1.0,51.5,2
Sarjapur  Road,1320.0,2.0,2.0,115.0,2
Electronic City,1128.0,2.0,1.0,68.75,2
Whitefield,1185.0,2.0,2.0,56.0,2
Electronic City Phase II,1244.0,2.0,1.0,55.0,2
Whitefield,1216.0,2.0,1.0,80.0,2
Kanakpura Road,1482.0,3.0,3.0,60.98,3
Electronic City Phase II,1286.0,2.0,2.0,69.0,2
Thanisandra,1100.0,2.0,1.0,48.0,2
Whitefield,605.0,1.0,1.0,40.0,1
Whitefield,1200.0,2.0,1.0,45.0,2
Sarjapur  Road,1290.0,2.0,2.0,88.0,2
Raja Rajeshwari Nagar,1255.0,2.0,2.0,42.54,2
Uttarahalli,1200.0,3.0,1.0,50.0,3
7th Phase JP Nagar,1680.0,3.0,2.0,117.0,3
Kanakpura Road,1330.74,2.0,2.0,91.79,2
Sarjapur  Road,1763.25,3.0,3.0,98.0,3
Marathahalli,1325.0,2.0,2.0,71.55,2
Thanisandra,1200.0,2.0,2.0,46.0,2
Electronic City,1070.0,2.0,1.0,54.0,2
Marathahalli,1469.0,3.0,1.0,89.0,3
Sarjapur  Road,1586.0,3.0,3.0,70.0,3
Bannerghatta Road,1275.0,2.0,1.0,73.0,2
Hennur Road,1195.0,2.0,2.0,59.0,2
Haralur Road,1056.0,2.0,1.0,61.0,2
Hennur Road,1832.0,3.0,1.0,125.0,3
Marathahalli,1435.0,3.0,1.0,73.0,3
Thanisandra,1140.0,2.0,1.0,59.0,2
Electronic City,550.0,1.0,1.0,12.0,1
Whitefield,877.0,1.0,1.0,59.0,1
Uttarahalli,1040.0,2.0,2.0,36.4,2
Marathahalli,1469.0,3.0,1.0,89.0,3
Bannerghatta Road,1160.0,2.0,2.0,45.0,2
Whitefield,1345.0,2.0,2.0,57.0,3
Sarjapur  Road,2145.0,3.0,3.0,180.0,3
Bannerghatta Road,1893.0,3.0,2.0,100.0,3
Sarjapur  Road,1691.0,3.0,2.0,100.0,3
Marathahalli,1270.0,2.0,3.0,73.0,2
Whitefield,1635.0,2.0,2.0,85.0,3
Thanisandra,1801.0,3.0,1.0,115.0,3
Whitefield,1650.0,3.0,2.0,60.0,3
Marathahalli,1144.0,2.0,2.0,65.0,2
Thanisandra,1573.0,3.0,2.0,98.0,3
Haralur Road,1464.0,3.0,3.0,56.0,3
Sarjapur  Road,1403.0,3.0,3.0,51.63,3
Electronic City,1020.0,2.0,2.0,29.46,2
Yelahanka,1330.0,2.0,1.0,93.65,2
Thanisandra,1262.0,2.0,1.0,65.0,3
Whitefield,1155.0,2.0,1.0,60.0,2
Haralur Road,1202.0,2.0,1.0,53.0,2
Electronic City,1025.0,2.0,1.0,54.0,2
7th Phase JP Nagar,1050.0,2.0,1.0,75.0,2
Sarjapur  Road,1826.0,3.0,2.0,125.0,3
Thanisandra,1732.0,3.0,1.0,85.73,3
Marathahalli,950.0,2.0,1.0,46.96,2
Haralur Road,1650.0,3.0,3.0,100.0,3
Whitefield,1012.0,2.0,1.0,58.0,2
7th Phase JP Nagar,1187.0,2.0,1.0,59.0,2
Kanakpura Road,1452.0,3.0,3.0,54.2,3
Electronic City Phase II,1205.0,2.0,1.0,75.0,2
Raja Rajeshwari Nagar,1303.0,2.0,2.0,44.17,2
Electronic City,1070.0,2.0,1.0,57.0,2
Yelahanka,1360.0,2.0,1.0,78.19,2
Whitefield,2210.0,3.0,2.0,156.0,3
Whitefield,1745.0,3.0,3.0,100.0,3
Whitefield,1340.0,2.0,2.0,41.0,2
Electronic City,919.0,2.0,2.0,35.0,2
Whitefield,1495.0,3.0,3.0,88.0,2
Whitefield,1280.0,2.0,0.0,85.0,2
Electronic City Phase II,1220.0,3.0,1.0,36.6,3
Sarjapur  Road,1163.0,2.0,2.0,62.0,3
Sarjapur  Road,1309.0,2.0,3.0,69.5,2
Yelahanka,1170.0,2.0,1.0,62.5,2
Electronic City,589.0,1.0,1.0,29.0,1
Electronic City,1200.0,3.0,1.0,90.0,3
Kanakpura Road,900.0,2.0,1.0,46.0,2
Uttarahalli,1590.0,3.0,2.0,57.0,3
Marathahalli,1365.0,2.0,2.0,73.0,2
Marathahalli,1350.0,2.0,1.0,89.0,2
Whitefield,1170.0,2.0,1.0,71.0,2
Haralur Road,2017.0,2.0,2.0,125.0,3
Electronic City Phase II,1140.0,2.0,1.0,33.06,2
Electronic City Phase II,1160.0,2.0,1.0,33.5,2
Haralur Road,1194.0,2.0,2.0,47.0,2
Haralur Road,1092.0,2.0,2.0,44.0,2
7th Phase JP Nagar,1575.0,2.0,2.0,110.0,3
Whitefield,1216.0,2.0,1.0,73.0,2
Uttarahalli,1280.0,2.0,2.0,60.0,3
Haralur Road,1243.0,2.0,2.0,46.0,2
Haralur Road,1027.0,1.0,2.0,44.0,2
Bannerghatta Road,960.0,2.0,3.0,58.0,2
Electronic City,1096.0,2.0,2.0,39.0,2
Marathahalli,1693.0,3.0,2.0,125.0,3
Electronic City,1128.0,2.0,1.0,65.49,2
Electronic City,630.0,1.0,1.0,40.5,1
Thanisandra,1800.0,4.0,1.0,125.0,3
Thanisandra,2050.0,3.0,1.0,145.0,3
Kanakpura Road,700.0,2.0,1.0,34.99,2
7th Phase JP Nagar,1050.0,2.0,1.0,42.0,2
Yelahanka,2100.0,4.0,1.0,180.0,4
Yelahanka,1300.0,2.0,2.0,69.23,2
Raja Rajeshwari Nagar,1178.0,2.0,1.0,75.0,2
Whitefield,810.0,1.0,0.0,21.0,1
Whitefield,1216.0,2.0,1.0,84.0,2
Sarjapur  Road,1845.0,4.0,1.0,110.0,3
Electronic City,970.0,2.0,2.0,34.0,2
Haralur Road,1510.0,3.0,2.0,83.05,3
Hebbal,1349.0,2.0,1.0,98.0,2
Sarjapur  Road,1691.0,3.0,2.0,119.0,3
Electronic City Phase II,1000.0,2.0,1.0,28.88,2
Electronic City,550.0,1.0,1.0,15.0,2
Thanisandra,1305.0,2.0,2.0,90.0,2
Hennur Road,1290.0,2.0,1.0,94.5,3
Uttarahalli,1350.0,2.0,3.0,47.24,3
Sarjapur  Road,1145.0,2.0,2.0,49.5,2
Whitefield,1190.0,2.0,2.0,41.0,2
Bannerghatta Road,1380.0,3.0,0.0,58.0,4
Thanisandra,1732.0,3.0,1.0,112.0,3
Uttarahalli,1345.0,2.0,1.0,47.0,3
Kanakpura Road,1703.0,3.0,2.0,130.0,3
Thanisandra,1093.0,2.0,1.0,68.1,2
Thanisandra,662.0,1.0,1.0,29.0,1
Electronic City,1160.0,2.0,1.0,33.5,2
Haralur Road,1300.0,2.0,2.0,75.0,2
Uttarahalli,1390.0,2.0,2.0,61.16,3
7th Phase JP Nagar,2100.0,3.0,2.0,190.0,3
Thanisandra,933.0,2.0,1.0,58.0,1
Whitefield,1173.0,2.0,1.0,60.0,2
Electronic City,1025.0,2.0,1.0,46.0,2
Thanisandra,1110.0,2.0,2.0,46.5,2
Kanakpura Road,1100.0,3.0,2.0,58.0,3
Kanakpura Road,1500.0,3.0,1.0,72.99,3
Whitefield,1216.0,2.0,1.0,75.0,2
Yelahanka,1322.0,2.0,2.0,80.0,2
Whitefield,1216.0,2.0,1.0,66.88,2
Sarjapur  Road,1311.0,2.0,1.0,78.0,2
Sarjapur  Road,1260.0,2.0,2.0,53.0,2
Whitefield,1185.0,2.0,2.0,40.0,2
Yelahanka,1610.0,3.0,1.0,115.0,3
Sarjapur  Road,1028.0,2.0,1.0,56.0,2
Electronic City,1200.0,2.0,1.0,34.65,2
Thanisandra,1698.0,3.0,2.0,107.0,3
Sarjapur  Road,1335.0,2.0,1.0,95.0,2
Raja Rajeshwari Nagar,1196.0,2.0,2.0,51.51,2
Marathahalli,1535.0,3.0,2.0,72.5,3
Bannerghatta Road,1655.0,3.0,3.0,95.0,3
7th Phase JP Nagar,1515.0,2.0,1.0,76.0,3
Uttarahalli,1700.0,3.0,2.0,88.0,3
Electronic City,1140.0,2.0,1.0,32.92,2
Sarjapur  Road,1660.0,2.0,2.0,116.0,3
Sarjapur  Road,1725.0,3.0,3.0,90.0,3
Electronic City,630.0,1.0,1.0,60.0,1
7th Phase JP Nagar,1460.0,2.0,2.0,100.0,3
Haralur Road,1027.0,2.0,2.0,44.0,2
Kanakpura Road,1420.0,2.0,2.0,75.0,3
Thanisandra,1380.0,1.0,1.0,62.1,1
Yelahanka,1390.0,2.0,2.0,70.21,2
Electronic City,1070.0,2.0,1.0,60.0,2
Marathahalli,800.0,4.0,2.0,86.0,4
Kanakpura Road,1450.0,3.0,3.0,60.91,3
Hebbal,1355.0,3.0,1.0,83.87,3
Sarjapur  Road,1510.0,2.0,1.0,110.0,3
Yelahanka,1226.0,2.0,2.0,52.71,2
Marathahalli,1315.0,2.0,2.0,60.0,3
Electronic City,1342.0,2.0,1.0,72.0,2
Kanakpura Road,1225.0,2.0,2.0,60.0,2
Whitefield,1760.0,3.0,2.0,139.0,3
Uttarahalli,1440.0,2.0,3.0,62.0,3
Yelahanka,1036.0,2.0,2.0,39.37,2
Bannerghatta Road,1465.0,2.0,1.0,75.0,3
Uttarahalli,1180.0,2.0,1.0,41.3,2
Whitefield,1306.0,3.0,2.0,54.65,3
Whitefield,1150.0,2.0,2.0,90.0,2
Whitefield,1405.0,2.0,1.0,78.0,3
Sarjapur  Road,1115.0,2.0,1.0,50.0,2
Electronic City,1350.0,2.0,1.0,56.0,3
Haralur Road,1243.0,2.0,1.0,46.0,2
Hebbal,1255.0,3.0,2.0,77.68,3
Whitefield,1170.0,2.0,1.0,56.0,2
Haralur Road,1309.0,2.0,1.0,82.0,2
Raja Rajeshwari Nagar,1133.0,2.0,2.0,38.41,2
7th Phase JP Nagar,1450.0,2.0,1.0,102.0,3
Haralur Road,953.0,2.0,1.0,90.0,2
Thanisandra,965.0,2.0,1.0,54.0,2
Raja Rajeshwari Nagar,1120.0,2.0,2.0,37.95,2
Electronic City,825.0,2.0,1.0,35.0,2
Yelahanka,1355.0,2.0,3.0,75.0,3
Kanakpura Road,700.0,2.0,1.0,40.0,2
Hennur Road,1586.0,3.0,3.0,93.94,3
Kanakpura Road,1080.0,2.0,1.0,37.8,2
Whitefield,1346.0,2.0,1.0,76.01,2
Bannerghatta Road,1527.0,3.0,2.0,115.0,3
7th Phase JP Nagar,1050.0,2.0,1.0,77.47,2
Whitefield,1254.0,2.0,2.0,40.0,2
Uttarahalli,1385.0,2.0,2.0,48.48,3
Marathahalli,1200.0,2.0,1.0,67.0,2
Kanakpura Road,1230.0,2.0,1.0,85.0,2
Raja Rajeshwari Nagar,1128.0,2.0,1.0,48.79,2
Bannerghatta Road,1655.0,2.0,2.0,62.89,3
Whitefield,1639.5,3.0,0.0,92.63,3
Raja Rajeshwari Nagar,1303.0,2.0,1.0,55.79,2
Thanisandra,1430.0,2.0,2.0,51.48,3
Whitefield,1650.0,3.0,2.0,48.0,3
Uttarahalli,1050.0,2.0,1.0,42.0,2
Bannerghatta Road,1788.0,3.0,2.0,90.0,3
Yelahanka,1603.0,3.0,2.0,96.0,3
Sarjapur  Road,1750.0,3.0,3.0,99.0,3
Kanakpura Road,1300.0,2.0,3.0,69.0,3
Kanakpura Road,1938.0,3.0,3.0,92.69,3
Haralur Road,575.0,1.0,1.0,38.0,1
Electronic City,635.0,1.0,0.0,28.0,1
Whitefield,1216.0,2.0,1.0,83.0,2
Uttarahalli,1125.0,2.0,1.0,47.0,2
Whitefield,1205.0,2.0,1.0,40.0,2
Electronic City,1128.0,2.0,1.0,65.45,2
Marathahalli,1610.0,3.0,1.0,90.0,3
Whitefield,1125.0,2.0,2.0,40.0,2
Hennur Road,2047.0,3.0,2.0,67.55,3
Hennur Road,1053.0,2.0,1.0,53.0,2
Hebbal,1255.0,2.0,1.0,95.0,3
7th Phase JP Nagar,1415.0,3.0,1.0,65.0,3
Whitefield,1180.0,2.0,1.0,77.0,2
Electronic City,550.0,1.0,1.0,15.0,2
Electronic City Phase II,1900.0,3.0,1.0,97.0,4
Whitefield,2135.0,3.0,2.0,149.0,4
Thanisandra,1340.0,2.0,1.0,66.33,2
Yelahanka,1616.0,3.0,1.0,65.0,3
Whitefield,950.0,1.0,1.0,50.0,1
Electronic City,970.0,2.0,1.0,35.0,2
Marathahalli,1385.0,2.0,2.0,68.5,3
Bannerghatta Road,1215.0,2.0,1.0,68.0,2
Kanakpura Road,1100.0,3.0,2.0,53.0,3
7th Phase JP Nagar,1680.0,3.0,2.0,112.0,3
Thanisandra,1241.0,2.0,1.0,68.0,3
Haralur Road,1200.0,2.0,2.0,46.0,2
Electronic City,1500.0,2.0,1.0,64.5,3
Marathahalli,1220.0,2.0,1.0,56.5,2
Hennur Road,1975.0,3.0,3.0,123.0,3
Haralur Road,1225.0,2.0,1.0,70.0,2
Whitefield,650.0,1.0,1.0,25.0,1
Whitefield,1564.0,3.0,1.0,103.0,3
Whitefield,1870.0,3.0,2.0,90.0,3
Marathahalli,1100.0,2.0,1.0,50.0,2
Kanakpura Road,1300.0,2.0,2.0,55.0,3
Electronic City Phase II,545.0,1.0,1.0,28.0,2
Electronic City Phase II,1220.0,3.0,1.0,35.23,3
Bannerghatta Road,950.0,2.0,0.0,38.0,2
Uttarahalli,1460.0,3.0,3.0,76.0,3
Raja Rajeshwari Nagar,1196.0,2.0,2.0,40.44,2
Kanakpura Road,525.0,1.0,1.0,26.01,1
Kanakpura Road,700.0,2.0,1.0,34.98,2
Sarjapur  Road,1350.0,2.0,2.0,102.0,2
Kanakpura Road,1570.0,3.0,3.0,64.5,3
Kanakpura Road,1495.0,2.0,2.0,90.0,2
Thanisandra,1430.0,2.0,2.0,54.0,3
Kanakpura Road,1843.0,3.0,2.0,88.0,3
Whitefield,1870.0,3.0,2.0,90.0,3
Kanakpura Road,1450.0,3.0,3.0,60.91,3
Sarjapur  Road,1050.0,2.0,1.0,62.0,2
Whitefield,1312.0,2.0,2.0,55.0,2
Yelahanka,1267.0,3.0,1.0,78.0,2
Uttarahalli,1125.0,2.0,1.0,47.0,2
Electronic City,880.0,1.0,1.0,16.5,2
Sarjapur  Road,1128.0,2.0,2.0,59.0,2
Bannerghatta Road,1215.0,2.0,1.0,68.0,2
Electronic City Phase II,1065.0,2.0,1.0,30.88,2
Whitefield,1277.0,2.0,1.0,77.0,2
Hebbal,1100.0,2.0,1.0,54.0,2
Uttarahalli,1329.0,2.0,1.0,56.0,3
Yelahanka,1200.0,2.0,2.0,55.0,2
Haralur Road,1255.0,3.0,1.0,90.0,3
Whitefield,1255.0,2.0,2.0,40.0,2
Electronic City,1156.0,2.0,2.0,44.0,3
Kanakpura Road,1596.0,3.0,1.0,118.0,3
Whitefield,1150.0,2.0,2.0,55.0,2
Bannerghatta Road,1200.0,2.0,2.0,75.0,2
Thanisandra,663.0,1.0,0.0,46.1,1
Uttarahalli,1135.0,2.0,3.0,39.73,3
Kanakpura Road,1550.0,3.0,3.0,64.5,3
Raja Rajeshwari Nagar,1550.0,3.0,3.0,52.45,3
7th Phase JP Nagar,2100.0,3.0,2.0,200.0,3
Whitefield,1175.0,2.0,1.0,39.0,2
Hennur Road,1904.0,3.0,2.0,129.0,3
Hennur Road,1804.0,3.0,2.0,102.0,3
Uttarahalli,1065.0,2.0,1.0,42.59,2
Marathahalli,1205.0,2.0,1.0,75.0,2
Sarjapur  Road,1035.0,2.0,1.0,45.0,2
Bannerghatta Road,970.0,2.0,1.0,57.0,2
Marathahalli,1102.0,2.0,2.0,53.67,2
Yelahanka,1590.0,2.0,1.0,54.0,3
Yelahanka,1890.0,3.0,2.0,108.0,3
Electronic City Phase II,972.0,2.0,1.0,40.0,2
Whitefield,1700.0,3.0,2.0,95.0,3
Kanakpura Road,900.0,2.0,1.0,41.0,2
Sarjapur  Road,1660.0,3.0,2.0,116.0,3
Yelahanka,1721.0,3.0,3.0,80.86,3
Thanisandra,1436.0,3.0,1.0,74.75,3
Electronic City,1200.0,4.0,1.0,125.0,4
Haralur Road,1194.0,2.0,2.0,47.0,2
Raja Rajeshwari Nagar,1140.0,2.0,2.0,38.55,2
Raja Rajeshwari Nagar,1531.0,3.0,3.0,51.77,3
Sarjapur  Road,1145.0,2.0,2.0,49.5,2
7th Phase JP Nagar,1420.0,3.0,2.0,90.0,3
Bannerghatta Road,1460.0,2.0,2.0,72.0,3
Sarjapur  Road,1850.0,3.0,2.0,140.0,3
7th Phase JP Nagar,1800.0,3.0,2.0,130.0,3
Electronic City Phase II,925.0,2.0,1.0,49.82,3
Yelahanka,602.0,2.0,1.0,30.0,1
7th Phase JP Nagar,1100.0,2.0,1.0,44.0,2
Whitefield,1175.0,2.0,1.0,41.0,2
Yelahanka,1756.0,3.0,2.0,66.73,3
Thanisandra,1234.0,2.0,2.0,51.0,2
Electronic City,1128.0,2.0,1.0,65.35,2
Electronic City Phase II,972.0,2.0,1.0,44.0,2
Kanakpura Road,1698.0,2.0,1.0,105.0,2
Sarjapur  Road,1240.0,4.0,0.0,110.0,4
Haralur Road,1464.0,2.0,2.0,56.0,2
Hennur Road,1297.0,2.0,1.0,49.9,2
Whitefield,2225.0,3.0,3.0,115.0,3
7th Phase JP Nagar,1212.0,3.0,1.0,42.0,2
Marathahalli,1550.0,3.0,2.0,83.0,3
Uttarahalli,1350.0,2.0,2.0,47.24,3
Whitefield,1200.0,3.0,1.0,61.96,3
Sarjapur  Road,1665.0,3.0,2.0,74.93,3
Thanisandra,1743.0,3.0,2.0,93.25,3
Raja Rajeshwari Nagar,1571.0,3.0,3.0,53.12,3
Electronic City,1005.0,2.0,1.0,39.77,2
Hebbal,1420.0,2.0,1.0,99.39,2
Electronic City Phase II,1400.0,2.0,2.0,41.58,3
Uttarahalli,993.0,2.0,1.0,39.71,2
Kanakpura Road,1100.0,3.0,2.0,56.57,3
Electronic City,1500.0,2.0,1.0,63.0,3
Bannerghatta Road,700.0,1.0,1.0,31.2,1
7th Phase JP Nagar,2100.0,3.0,2.0,200.0,3
Electronic City,1599.0,3.0,2.0,125.0,3
Hennur Road,1232.0,2.0,1.0,87.0,2
Haralur Road,1140.0,2.0,1.0,42.0,2
Electronic City,1220.0,2.0,1.0,35.25,3
Yelahanka,1653.0,3.0,2.0,120.0,3
Sarjapur  Road,1019.0,2.0,1.0,62.0,2
Kanakpura Road,525.0,1.0,1.0,30.0,1
Yelahanka,827.5,1.0,0.0,42.535,1
Marathahalli,1250.0,2.0,2.0,68.0,2
Electronic City,770.0,1.0,1.0,38.0,2
Raja Rajeshwari Nagar,1608.0,3.0,3.0,54.51,3
Electronic City,870.0,2.0,2.0,24.0,2
Yelahanka,1075.0,2.0,1.0,42.0,3
Thanisandra,1702.0,3.0,2.0,107.0,3
Hebbal,1100.0,2.0,2.0,50.0,2
Electronic City,1221.0,2.0,2.0,68.0,2
Hebbal,2080.0,3.0,3.0,175.0,3
7th Phase JP Nagar,1600.0,2.0,2.0,110.0,3
Whitefield,905.0,1.0,1.0,52.0,1
Electronic City,1000.0,2.0,2.0,41.0,2
Sarjapur  Road,1278.0,2.0,2.0,95.0,2
Electronic City,1152.0,2.0,1.0,65.0,2
Whitefield,1216.0,2.0,1.0,82.0,2
Electronic City,1000.0,2.0,1.0,28.88,2
Thanisandra,1146.0,2.0,1.0,38.0,2
Uttarahalli,1345.0,2.0,1.0,67.0,2
Uttarahalli,1125.0,2.0,1.0,48.0,2
Electronic City Phase II,1192.0,2.0,3.0,47.0,3
Bannerghatta Road,905.0,2.0,1.0,65.0,2
Uttarahalli,1300.0,2.0,1.0,47.0,3
Sarjapur  Road,1965.0,3.0,3.0,120.0,3
Thanisandra,1100.0,2.0,1.0,38.0,2
Whitefield,1200.0,3.0,2.0,68.5,3
Electronic City Phase II,1305.0,3.0,1.0,65.0,3
Uttarahalli,1580.0,3.0,1.0,60.0,3
Haralur Road,1056.0,2.0,1.0,65.0,2
Thanisandra,1220.0,2.0,1.0,44.6,2
Kanakpura Road,1843.0,3.0,2.0,96.2,3
Uttarahalli,1590.0,3.0,2.0,57.0,3
Thanisandra,1200.0,2.0,3.0,60.0,2
Thanisandra,1241.0,2.0,1.0,61.0,3
Marathahalli,1220.0,2.0,1.0,58.5,2
Sarjapur  Road,1755.0,3.0,2.0,122.0,3
Thanisandra,1411.0,3.0,2.0,100.0,3
Thanisandra,1240.0,2.0,1.0,62.0,3
Sarjapur  Road,1750.0,3.0,2.0,110.0,3
Haralur Road,1230.0,2.0,1.0,67.65,2
Uttarahalli,1590.0,3.0,2.0,57.0,3
Electronic City,1130.0,2.0,1.0,32.63,2
Sarjapur  Road,1862.0,4.0,1.0,110.0,3
Electronic City Phase II,1329.0,2.0,2.0,41.0,3
Kanakpura Road,1843.0,3.0,2.0,96.2,3
Thanisandra,1250.0,1.0,1.0,54.0,2
Hennur Road,1385.0,2.0,1.0,83.09,2
Kanakpura Road,670.0,1.0,1.0,35.0,1
Kanakpura Road,1300.0,3.0,2.0,69.0,3
Hennur Road,987.0,2.0,1.0,49.0,2
Hebbal,1040.0,2.0,1.0,55.0,2
Electronic City,1020.0,2.0,1.0,29.45,2
Thanisandra,1260.0,2.0,1.0,45.5,2
Thanisandra,1564.0,3.0,1.0,104.0,3
Uttarahalli,1037.0,2.0,1.0,36.0,2
7th Phase JP Nagar,1575.0,2.0,2.0,110.0,3
Yelahanka,1355.0,2.0,2.0,51.5,3
Raja Rajeshwari Nagar,1141.0,2.0,2.0,38.55,2
Uttarahalli,1330.0,2.0,1.0,57.0,3
Whitefield,1500.0,3.0,1.0,130.0,3
Raja Rajeshwari Nagar,1157.0,2.0,1.0,65.0,2
Haralur Road,1520.0,2.0,2.0,85.0,3
Bannerghatta Road,1920.0,3.0,3.0,122.0,3
Electronic City,2093.0,4.0,1.0,104.0,4
Kanakpura Road,1080.0,2.0,1.0,37.8,2
Raja Rajeshwari Nagar,1570.0,2.0,2.0,65.0,3
Thanisandra,1226.0,2.0,1.0,65.59,2
Thanisandra,933.0,1.0,1.0,61.0,1
Whitefield,1338.0,2.0,1.0,103.0,2
Hennur Road,2160.0,3.0,2.0,160.0,3
Whitefield,1180.0,2.0,2.0,70.0,2
Uttarahalli,1286.0,2.0,2.0,63.0,2
Kanakpura Road,700.0,2.0,1.0,41.0,2
Hennur Road,1590.0,3.0,2.0,105.0,3
Electronic City Phase II,1025.0,2.0,1.0,26.65,2
Sarjapur  Road,1592.0,3.0,1.0,91.0,3
Electronic City Phase II,1549.0,3.0,2.0,80.0,3
Bannerghatta Road,1200.0,2.0,2.0,69.0,3
Kanakpura Road,1570.0,3.0,2.0,68.0,3
Electronic City,1070.0,2.0,1.0,60.0,2
Marathahalli,1314.0,2.0,3.0,55.0,2
Thanisandra,662.0,1.0,0.0,38.0,1
Raja Rajeshwari Nagar,1090.0,2.0,1.0,42.0,2
Uttarahalli,1330.0,2.0,1.0,58.0,3
Whitefield,1330.0,2.0,2.0,55.0,3
Thanisandra,1185.0,2.0,2.0,43.5,2
Raja Rajeshwari Nagar,1295.0,2.0,2.0,43.9,2
Whitefield,2155.0,3.0,3.0,125.0,4
Kanakpura Road,525.0,1.0,1.0,27.0,1
Uttarahalli,1330.0,2.0,2.0,46.55,3
Raja Rajeshwari Nagar,1560.0,4.0,1.0,160.0,4
Whitefield,1141.0,2.0,1.0,62.0,2
Whitefield,1195.0,2.0,1.0,61.36,2
Electronic City,1125.0,2.0,1.0,32.49,2
Hebbal,919.0,2.0,1.0,49.0,2
Electronic City Phase II,1090.0,2.0,1.0,28.34,2
Kanakpura Road,1800.0,3.0,2.0,90.0,3
Whitefield,1140.0,2.0,3.0,55.0,2
Electronic City,1210.0,2.0,1.0,54.0,2
Haralur Road,1027.0,2.0,2.0,43.0,2
Raja Rajeshwari Nagar,648.0,1.0,1.0,31.75,1
Yelahanka,1633.0,2.0,1.0,72.0,2
Sarjapur  Road,984.0,2.0,1.0,55.0,2
Electronic City,1360.0,2.0,1.0,70.5,3
Hennur Road,1140.0,2.0,2.0,56.0,2
Sarjapur  Road,1500.0,3.0,2.0,88.0,3
Electronic City Phase II,1003.0,2.0,1.0,40.6,2
Sarjapur  Road,1550.0,2.0,2.0,69.75,3
Whitefield,1220.0,2.0,1.0,89.0,2
Electronic City Phase II,1090.0,2.0,1.0,31.48,2
Thanisandra,2072.0,3.0,2.0,122.0,3
Sarjapur  Road,1350.0,2.0,2.0,68.0,2
Haralur Road,1285.0,2.0,1.0,78.0,2
Whitefield,1610.0,3.0,2.0,81.0,3
Hebbal,1987.0,4.0,2.0,165.0,3
Uttarahalli,1312.5,3.0,0.0,51.19,3
Yelahanka,1653.0,3.0,3.0,93.0,3
Bannerghatta Road,1122.5,2.0,0.0,61.74,2
Raja Rajeshwari Nagar,1295.0,2.0,2.0,43.9,2
Electronic City Phase II,1031.0,2.0,1.0,55.0,2
Kanakpura Road,1550.0,3.0,3.0,65.11,3
Electronic City,660.0,1.0,1.0,18.0,2
Kanakpura Road,712.0,1.0,1.0,38.44,1
Marathahalli,1350.0,2.0,1.0,86.0,2
Sarjapur  Road,1270.0,2.0,1.0,54.0,3
Whitefield,1530.0,3.0,3.0,73.0,3
Yelahanka,1100.0,2.0,1.0,70.0,2
Hebbal,1162.0,2.0,1.0,69.0,2
Hebbal,1255.0,2.0,1.0,95.0,3
Hennur Road,1385.0,2.0,1.0,83.09,2
Marathahalli,1730.0,3.0,2.0,115.0,3
Electronic City Phase II,1165.0,2.0,1.0,33.64,2
Uttarahalli,1200.0,2.0,1.0,55.0,2
Hennur Road,1232.0,2.0,2.0,89.0,2
Marathahalli,1200.0,2.0,2.0,58.0,2
7th Phase JP Nagar,1100.0,2.0,1.0,44.0,2
Bannerghatta Road,1115.0,2.0,1.0,61.0,2
Electronic City,589.0,1.0,1.0,27.0,1
Hennur Road,2182.0,3.0,2.0,72.04,3
Sarjapur  Road,1300.0,3.0,2.0,60.0,3
Whitefield,1215.0,2.0,3.0,65.0,2
Whitefield,1768.0,3.0,2.0,101.0,3
Sarjapur  Road,1691.0,3.0,2.0,113.0,3
Hebbal,1420.0,2.0,1.0,123.0,2
Whitefield,1197.0,2.0,1.0,50.0,2
Sarjapur  Road,984.0,2.0,1.0,44.28,2
Kanakpura Road,1700.0,3.0,2.0,75.0,3
Sarjapur  Road,1200.0,3.0,2.0,70.0,3
Electronic City,1125.0,2.0,1.0,32.5,2
Kanakpura Road,1660.0,3.0,3.0,75.0,3
Uttarahalli,1265.0,2.0,2.0,65.0,3
Sarjapur  Road,1230.0,2.0,3.0,94.5,2
Raja Rajeshwari Nagar,1021.0,3.0,2.0,59.0,3
7th Phase JP Nagar,1650.0,3.0,3.0,110.0,3
Electronic City,1090.0,2.0,1.0,31.49,2
Yelahanka,1132.5,2.0,0.0,48.13,2
Hennur Road,1866.0,2.0,2.0,61.58,3
Electronic City,660.0,1.0,1.0,16.0,2
Kanakpura Road,1938.0,3.0,3.0,105.0,3
Whitefield,1276.0,2.0,1.0,69.5,2
Electronic City,630.0,1.0,1.0,47.0,1
Kanakpura Road,1570.0,3.0,3.0,65.93,3
Sarjapur  Road,1797.0,4.0,1.0,95.0,3
Sarjapur  Road,1150.0,2.0,0.0,44.0,2
Electronic City,418.0,1.0,1.0,12.0,1
Yelahanka,1712.0,3.0,3.0,82.0,3
Bannerghatta Road,1460.0,2.0,2.0,75.0,3
Whitefield,1500.0,4.0,3.0,200.0,4
Raja Rajeshwari Nagar,1295.0,2.0,2.0,55.47,2
Raja Rajeshwari Nagar,1267.0,2.0,2.0,42.85,2
Whitefield,1269.0,2.0,1.0,75.0,2
Electronic City,1025.0,2.0,1.0,29.6,2
Sarjapur  Road,1157.0,2.0,1.0,57.84,3
Sarjapur  Road,1495.0,2.0,0.0,64.0,3
Haralur Road,1850.0,3.0,2.0,120.0,3
Sarjapur  Road,1026.0,2.0,1.0,60.55,2
Bannerghatta Road,1453.0,2.0,2.0,73.0,3
Haralur Road,1027.0,2.0,1.0,44.0,2
Electronic City Phase II,1056.0,2.0,1.0,39.07,2
Kanakpura Road,1450.0,3.0,3.0,53.6,3
Sarjapur  Road,1035.0,2.0,1.0,47.0,2
Hebbal,1000.0,2.0,2.0,45.0,2
Hebbal,1636.0,3.0,1.0,119.0,3
7th Phase JP Nagar,1400.0,3.0,1.0,115.0,3
Electronic City,1652.0,3.0,2.0,70.0,3
Thanisandra,1450.0,2.0,1.0,57.0,2
Sarjapur  Road,702.0,1.0,0.0,35.8,1
Uttarahalli,1123.0,2.0,1.0,48.0,2
Sarjapur  Road,1059.0,2.0,2.0,68.0,2
Whitefield,1362.0,2.0,3.0,85.0,2
Electronic City,1521.0,2.0,2.0,57.5,3
Haralur Road,1225.0,2.0,1.0,67.38,2
Electronic City,1100.0,2.0,1.0,41.0,2
Hebbal,687.325,2.0,0.0,42.72,2
Whitefield,1277.0,2.0,1.0,61.3,2
Whitefield,1015.0,2.0,1.0,45.0,2
Hebbal,1110.0,3.0,3.0,59.0,3
Kanakpura Road,1299.0,2.0,1.0,89.63,2
Uttarahalli,1190.0,2.0,1.0,53.55,2
Thanisandra,1100.0,2.0,1.0,36.0,2
Yelahanka,602.0,1.0,1.0,38.0,1
Yelahanka,1550.0,3.0,1.0,120.0,3
Raja Rajeshwari Nagar,1700.0,2.0,2.0,86.0,3
Electronic City,995.0,2.0,1.0,48.0,2
Whitefield,1180.0,2.0,2.0,41.0,2
Thanisandra,1573.0,3.0,1.0,90.0,3
Electronic City,1128.0,2.0,1.0,64.0,2
Whitefield,1250.0,2.0,2.0,85.0,2
Marathahalli,1937.0,3.0,2.0,160.0,3
Bannerghatta Road,1640.0,3.0,2.0,105.0,3
Yelahanka,1175.0,2.0,1.0,67.77,2
Sarjapur  Road,1229.0,2.0,2.0,70.0,2
Sarjapur  Road,534.0,1.0,1.0,19.65,1
Hebbal,1860.0,3.0,2.0,95.0,3
Sarjapur  Road,1877.0,4.0,2.0,150.0,3
Haralur Road,1140.0,2.0,2.0,43.0,2
Whitefield,1130.0,2.0,1.0,42.16,2
Whitefield,1720.0,3.0,3.0,98.97,3
Electronic City,710.0,1.0,1.0,40.42,1
Haralur Road,1245.0,2.0,3.0,62.0,2
Kanakpura Road,1100.0,3.0,2.0,53.0,3
Whitefield,1200.0,2.0,1.0,45.0,2
Electronic City,1025.0,2.0,1.0,50.0,2
Thanisandra,1098.0,2.0,1.0,68.0,2
Kanakpura Road,1339.0,2.0,2.0,62.0,2
Thanisandra,1917.0,3.0,3.0,122.0,3
Whitefield,1396.0,3.0,1.0,74.0,3
Haralur Road,1243.0,2.0,2.0,46.0,2
Electronic City Phase II,1140.0,2.0,1.0,33.06,2
Sarjapur  Road,1525.0,2.0,2.0,60.0,3
Yelahanka,682.0,1.0,1.0,36.23,1
Sarjapur  Road,1700.0,3.0,2.0,93.5,3
Uttarahalli,1345.0,2.0,1.0,57.0,3
Bannerghatta Road,1015.0,2.0,0.0,48.0,2
Whitefield,1100.0,2.0,1.0,37.0,2
Bannerghatta Road,1510.0,2.0,3.0,110.0,3
Uttarahalli,1525.0,2.0,2.0,62.82,3
Whitefield,530.0,1.0,1.0,29.44,1
Haralur Road,1225.0,2.0,1.0,69.84,2
Kanakpura Road,1843.0,3.0,2.0,95.0,3
Uttarahalli,1065.0,2.0,1.0,42.6,2
7th Phase JP Nagar,1680.0,3.0,2.0,120.0,3
Uttarahalli,1350.0,2.0,2.0,47.24,3
Whitefield,1655.0,3.0,1.0,113.0,3
Thanisandra,1075.0,2.0,2.0,45.8,2
Yelahanka,1537.0,3.0,3.0,120.0,3
Whitefield,1102.0,2.0,1.0,48.0,2
7th Phase JP Nagar,1850.0,3.0,1.0,150.0,3
Marathahalli,1785.0,3.0,2.0,94.0,3
Thanisandra,1917.0,4.0,2.0,113.0,3
Hebbal,1760.0,2.0,2.0,130.0,3
Electronic City,1296.0,2.0,2.0,65.0,2
Electronic City Phase II,575.0,1.0,1.0,16.75,1
Kanakpura Road,1300.0,3.0,2.0,69.0,3
Whitefield,1216.0,2.0,1.0,79.0,2
Sarjapur  Road,2089.0,3.0,2.0,148.0,3
Whitefield,1195.0,2.0,1.0,62.38,2
Electronic City,1160.0,2.0,2.0,42.0,3
Bannerghatta Road,1344.0,2.0,1.0,42.0,3
Whitefield,1436.0,2.0,3.0,62.15,3
Hebbal,1255.0,2.0,1.0,95.0,3
7th Phase JP Nagar,1400.0,2.0,1.0,95.0,3
Electronic City Phase II,1069.0,2.0,2.0,45.0,2
Electronic City Phase II,1125.0,2.0,1.0,32.63,2
Sarjapur  Road,1403.0,3.0,1.0,55.0,3
Electronic City,1025.0,2.0,1.0,54.5,2
Electronic City,1128.0,2.0,1.0,65.4,2
Haralur Road,1243.0,2.0,2.0,46.0,2
Uttarahalli,1285.0,2.0,2.0,44.98,3
Kanakpura Road,525.0,1.0,1.0,25.0,1
Sarjapur  Road,1435.0,3.0,2.0,90.0,3
Electronic City,550.0,1.0,1.0,16.0,2
Marathahalli,1449.0,3.0,2.0,110.0,3
7th Phase JP Nagar,1300.0,2.0,2.0,52.0,3
Marathahalli,1060.0,2.0,1.0,48.0,2
Electronic City Phase II,775.0,2.0,2.0,38.0,2
Yelahanka,1362.0,2.0,2.0,66.0,2
Electronic City,1275.0,3.0,3.0,63.43,3
Uttarahalli,1300.0,2.0,2.0,60.0,3
Kanakpura Road,1339.0,2.0,2.0,58.0,2
Hennur Road,1020.0,2.0,3.0,47.0,2
Raja Rajeshwari Nagar,1560.0,2.0,2.0,62.4,3
Whitefield,1320.0,2.0,1.0,95.0,2
Whitefield,1140.0,2.0,2.0,40.0,2
Whitefield,630.5,1.0,0.0,32.79,1
Raja Rajeshwari Nagar,1120.0,2.0,2.0,37.97,2
Whitefield,1500.0,3.0,1.0,78.57,3
Sarjapur  Road,1346.0,2.0,1.0,74.03,2
Sarjapur  Road,1210.0,2.0,2.0,58.0,2
Yelahanka,1391.0,2.0,2.0,64.5,3
Whitefield,1862.0,3.0,2.0,125.0,3
Thanisandra,1185.0,2.0,2.0,42.1,2
Whitefield,1250.0,2.0,2.0,82.0,2
Electronic City Phase II,1125.0,2.0,1.0,29.25,2
Whitefield,1355.0,2.0,3.0,78.0,2
Bannerghatta Road,1157.0,2.0,0.0,40.0,2
Bannerghatta Road,1650.0,3.0,1.0,94.0,3
Whitefield,1457.0,2.0,2.0,105.0,3
Electronic City Phase II,1219.0,2.0,1.0,61.26,2
Raja Rajeshwari Nagar,1095.0,2.0,2.0,38.33,2
Yelahanka,1450.0,3.0,0.0,65.255,3
7th Phase JP Nagar,1000.0,2.0,2.0,53.0,2
Kanakpura Road,1665.0,3.0,2.0,88.0,3
Hebbal,1390.0,2.0,2.0,95.0,2
Thanisandra,2002.0,3.0,2.0,112.0,3
Kanakpura Road,1550.0,3.0,3.0,64.7,3
Marathahalli,1215.0,2.0,1.0,67.0,2
Electronic City,1070.0,2.0,1.0,55.0,2
Electronic City,1128.0,2.0,1.0,65.0,2
Hennur Road,1585.0,2.0,3.0,80.0,3
Kanakpura Road,1452.0,3.0,3.0,55.6,3
Whitefield,640.0,1.0,0.0,19.83,1
Whitefield,1280.0,2.0,1.0,75.0,2
Sarjapur  Road,1863.0,3.0,2.0,104.0,4
Bannerghatta Road,1630.0,3.0,3.0,68.0,3
Haralur Road,1140.0,2.0,2.0,42.0,2
Hennur Road,2041.0,3.0,3.0,138.0,3
Hennur Road,1341.0,2.0,1.0,75.76,2
Whitefield,1655.0,3.0,2.0,110.0,3
Sarjapur  Road,615.0,1.0,0.0,17.835,1
Kanakpura Road,700.0,1.0,1.0,41.0,2
Kanakpura Road,1430.0,2.0,2.0,78.0,2
Bannerghatta Road,1532.5,3.0,0.0,79.465,3
Haralur Road,1194.0,2.0,2.0,47.0,2
Thanisandra,1265.0,2.0,1.0,72.0,2
Hennur Road,1085.0,2.0,1.0,43.4,2
Hebbal,1053.0,2.0,1.0,48.0,2
7th Phase JP Nagar,1370.0,2.0,1.0,54.79,3
Electronic City,1050.0,2.0,1.0,39.0,3
Electronic City,1130.0,2.0,1.0,32.63,2
Marathahalli,1550.0,3.0,2.0,85.0,3
Uttarahalli,1175.0,2.0,2.0,47.0,2
Uttarahalli,1650.0,2.0,1.0,130.0,3
Whitefield,1585.0,3.0,1.0,84.0,3
Uttarahalli,1540.0,2.0,0.0,40.0,3
7th Phase JP Nagar,1050.0,2.0,1.0,50.0,2
Whitefield,2134.0,4.0,2.0,118.0,3
Raja Rajeshwari Nagar,1530.0,3.0,3.0,51.87,3
Uttarahalli,1101.0,2.0,0.0,45.0,2
Bannerghatta Road,1250.0,2.0,0.0,48.0,2
Sarjapur  Road,1346.0,2.0,1.0,74.03,2
Yelahanka,1065.0,2.0,1.0,41.38,2
Kanakpura Road,1498.0,3.0,2.0,95.0,3
Electronic City,1320.0,2.0,1.0,38.12,3
Electronic City,1400.0,2.0,1.0,48.0,3
Yelahanka,1033.0,2.0,1.0,52.58,2
Thanisandra,1430.0,2.0,2.0,56.0,3
Marathahalli,1248.0,2.0,1.0,130.0,2
Kanakpura Road,850.0,1.0,1.0,37.32,1
Kanakpura Road,1150.0,2.0,2.0,40.25,3
Electronic City,1090.0,2.0,2.0,35.03,2
Kanakpura Road,458.0,1.0,0.0,19.695,1
Electronic City Phase II,1418.0,3.0,2.0,52.47,3
7th Phase JP Nagar,1050.0,2.0,1.0,42.0,2
Hebbal,1345.0,2.0,1.0,97.0,2
Sarjapur  Road,2070.0,4.0,2.0,160.0,3
Raja Rajeshwari Nagar,1145.0,2.0,2.0,45.79,2
Uttarahalli,1150.0,2.0,1.0,45.99,2
Sarjapur  Road,1700.0,3.0,3.0,135.0,3
Sarjapur  Road,944.0,2.0,1.0,35.0,2
Kanakpura Road,1204.0,2.0,1.0,82.0,2
Sarjapur  Road,1700.0,3.0,1.0,194.0,3
Sarjapur  Road,920.0,2.0,1.0,40.0,2
Bannerghatta Road,1150.0,2.0,2.0,65.0,2
Whitefield,955.0,2.0,0.0,38.19,2
Whitefield,1170.0,2.0,1.0,38.0,2
Thanisandra,1183.0,2.0,2.0,58.56,2
Thanisandra,760.0,1.0,2.0,50.3,1
Raja Rajeshwari Nagar,1640.0,3.0,1.0,86.8,3
Electronic City,1070.0,2.0,1.0,46.0,2
Electronic City Phase II,975.0,2.0,2.0,45.0,3
Kanakpura Road,950.0,2.0,1.0,57.0,2
7th Phase JP Nagar,1270.0,2.0,1.0,80.0,2
Sarjapur  Road,1984.0,4.0,1.0,146.0,3
7th Phase JP Nagar,1250.0,3.0,2.0,65.0,3
Kanakpura Road,900.0,2.0,1.0,41.0,2
Sarjapur  Road,1814.0,3.0,3.0,63.0,3
Kanakpura Road,1900.0,3.0,1.0,99.0,3
Yelahanka,1282.0,2.0,2.0,48.7,3
Whitefield,1230.0,4.0,2.0,80.0,4
Yelahanka,1104.0,2.0,2.0,58.0,2
Whitefield,1195.0,2.0,1.0,70.0,2
Raja Rajeshwari Nagar,1140.0,2.0,1.0,48.7,2
Whitefield,1344.0,3.0,1.0,130.0,4
Hebbal,1315.0,3.0,3.0,65.0,3
Whitefield,1320.0,2.0,3.0,79.5,2
Electronic City,1360.0,2.0,1.0,58.0,3
Kanakpura Road,900.0,2.0,1.0,46.29,2
Marathahalli,1710.0,3.0,2.0,100.0,3
Uttarahalli,1685.0,3.0,2.0,85.0,3
Kanakpura Road,1340.0,2.0,2.0,60.0,2
Whitefield,1200.0,3.0,1.0,56.0,3
Sarjapur  Road,1145.0,2.0,1.0,62.0,2
Electronic City Phase II,1031.0,2.0,1.0,55.0,2
Electronic City,1156.0,2.0,2.0,42.0,2
Whitefield,1317.0,2.0,2.0,52.0,2
7th Phase JP Nagar,1450.0,3.0,2.0,100.0,3
Thanisandra,923.0,1.0,1.0,60.84,1
Yelahanka,1200.0,2.0,1.0,54.0,2
Bannerghatta Road,1550.0,3.0,2.0,96.0,3
Whitefield,1173.0,2.0,1.0,78.2,2
Whitefield,1836.0,3.0,2.0,125.0,3
Electronic City,1609.0,3.0,3.0,115.0,3
Thanisandra,1265.0,2.0,1.0,79.0,3
Electronic City,770.0,1.0,1.0,35.0,2
Electronic City,1210.0,2.0,1.0,55.0,2
Whitefield,925.0,2.0,1.0,35.0,2
Hennur Road,1552.0,3.0,3.0,75.0,3
Hennur Road,2041.0,3.0,3.0,128.0,3
Sarjapur  Road,1200.0,3.0,2.0,70.0,3
Whitefield,1267.0,2.0,1.0,90.33,2
Whitefield,1345.0,3.0,1.0,58.0,3
Hennur Road,1232.0,2.0,1.0,88.0,2
Thanisandra,2144.0,3.0,2.0,135.0,3
Kanakpura Road,1550.0,3.0,3.0,67.0,3
Yelahanka,1614.0,3.0,2.0,95.0,3
Whitefield,1105.0,2.0,1.0,35.36,2
Kanakpura Road,2200.0,3.0,2.0,130.0,3
Whitefield,1850.0,3.0,2.0,150.0,3
Electronic City,1060.0,2.0,1.0,55.0,2
7th Phase JP Nagar,1680.0,3.0,2.0,117.0,3
Whitefield,1116.0,2.0,3.0,51.91,2
7th Phase JP Nagar,1463.0,2.0,1.0,61.45,3
Whitefield,1030.0,2.0,2.0,44.0,2
Yelahanka,845.0,2.0,2.0,43.0,2
Marathahalli,1693.0,3.0,1.0,125.0,3
Electronic City,880.0,2.0,1.0,19.0,2
Sarjapur  Road,1346.0,2.0,1.0,74.03,2
Electronic City,1070.0,2.0,1.0,47.0,2
Kanakpura Road,1167.0,2.0,1.0,63.0,2
Thanisandra,1245.0,2.0,1.0,83.05,2
Whitefield,1615.0,3.0,0.0,96.9,3
Sarjapur  Road,1380.0,2.0,1.0,52.0,3
Sarjapur  Road,1035.0,2.0,2.0,49.2,2
Raja Rajeshwari Nagar,1250.0,2.0,2.0,68.0,2
Hebbal,1040.0,2.0,1.0,50.0,2
Whitefield,2023.0,4.0,2.0,130.0,3
Thanisandra,2000.0,3.0,2.0,99.0,3
Uttarahalli,1180.0,2.0,1.0,41.3,2
Sarjapur  Road,1826.0,3.0,2.0,130.0,3
Sarjapur  Road,2180.0,3.0,2.0,170.0,3
Sarjapur  Road,970.0,2.0,1.0,36.0,2
Yelahanka,1350.0,2.0,2.0,54.0,2
Electronic City,1258.0,2.0,1.0,85.5,2
Yelahanka,1102.0,2.0,0.0,52.0,2
Electronic City Phase II,993.0,2.0,2.0,50.0,3
Yelahanka,1000.0,1.0,0.0,14.0,1
Bannerghatta Road,1340.0,2.0,3.0,85.0,2
Sarjapur  Road,685.0,1.0,1.0,40.0,1
Electronic City,1065.0,2.0,1.0,30.76,2
7th Phase JP Nagar,1370.0,2.0,2.0,54.79,3
Kanakpura Road,1320.0,2.0,1.0,39.6,3
Raja Rajeshwari Nagar,1419.0,2.0,2.0,48.0,2
Electronic City,550.0,1.0,1.0,15.0,2
Marathahalli,1310.0,3.0,1.0,63.25,3
Hebbal,1088.0,2.0,2.0,62.0,2
Hennur Road,1186.0,2.0,2.0,55.33,3
Sarjapur  Road,1050.0,2.0,1.0,63.5,2
Whitefield,1985.0,3.0,2.0,75.0,3
Electronic City,550.0,1.0,1.0,16.0,2
Whitefield,1270.0,2.0,2.0,65.0,3
Kanakpura Road,900.0,2.0,2.0,41.0,2
Bannerghatta Road,912.0,2.0,1.0,55.0,2
Bannerghatta Road,1400.0,2.0,2.0,78.0,2
Yelahanka,1614.0,3.0,2.0,95.0,3
Thanisandra,965.0,2.0,1.0,67.0,2
Kanakpura Road,1050.0,2.0,1.0,59.0,3
Raja Rajeshwari Nagar,1295.0,2.0,1.0,55.47,2
Electronic City Phase II,1395.0,2.0,1.0,62.78,3
Electronic City,1225.0,3.0,0.0,45.03,3
Thanisandra,1411.0,3.0,1.0,93.25,3
Kanakpura Road,1450.0,3.0,3.0,56.0,3
Thanisandra,1265.0,2.0,1.0,83.0,2
Electronic City,940.0,2.0,1.0,41.0,2
Sarjapur  Road,1115.0,2.0,2.0,50.0,2
Bannerghatta Road,1215.0,2.0,1.0,65.0,2
Sarjapur  Road,1263.0,2.0,1.0,78.0,2
Kanakpura Road,1090.0,2.0,1.0,54.54,2
Electronic City Phase II,1160.0,2.0,1.0,33.51,2
Electronic City,530.0,1.0,1.0,13.5,1
Kanakpura Road,525.0,1.0,1.0,26.0,1
Kanakpura Road,700.0,2.0,1.0,40.0,2
Hebbal,1740.0,2.0,1.0,137.0,3
Hennur Road,1480.0,2.0,2.0,65.0,2
Marathahalli,1595.0,3.0,2.0,90.0,3
Kanakpura Road,950.0,2.0,1.0,45.0,2
Raja Rajeshwari Nagar,1419.0,2.0,1.0,60.42,2
Hennur Road,1482.0,2.0,1.0,92.0,3
Marathahalli,1350.0,2.0,2.0,60.0,2
Kanakpura Road,1100.0,3.0,2.0,53.0,3
Bannerghatta Road,1215.0,2.0,0.0,50.0,2
Thanisandra,1697.0,3.0,2.0,115.0,3
Electronic City,1200.0,2.0,1.0,34.66,2
7th Phase JP Nagar,1200.0,2.0,2.0,200.0,2
Electronic City,1631.0,3.0,2.0,80.0,3
Whitefield,1806.0,3.0,3.0,85.0,3
Raja Rajeshwari Nagar,1420.0,2.0,2.0,60.0,3
Marathahalli,1045.0,2.0,3.0,60.0,2
Electronic City,750.0,1.0,1.0,35.0,1
Yelahanka,1065.0,2.0,1.0,40.84,2
Electronic City,1200.0,3.0,2.0,150.0,3
Hennur Road,1100.0,2.0,1.0,78.0,3
Whitefield,1300.0,2.0,2.0,78.0,2
Yelahanka,1285.0,2.0,2.0,56.0,2
Whitefield,1235.0,2.0,2.0,47.0,2
Sarjapur  Road,1700.0,3.0,1.0,118.0,3
Whitefield,1059.0,2.0,1.0,57.0,2
Kanakpura Road,1110.0,2.0,2.0,43.0,2
Electronic City,550.0,2.0,1.0,16.0,2
Uttarahalli,1075.0,2.0,1.0,40.0,2
Electronic City Phase II,1400.0,2.0,2.0,40.43,3
Whitefield,1545.0,3.0,2.0,79.0,3
Hebbal,1328.0,2.0,2.0,60.0,3
Sarjapur  Road,915.0,2.0,2.0,37.0,2
Marathahalli,1900.0,3.0,3.0,123.0,3
Thanisandra,1917.0,3.0,2.0,110.0,3
Kanakpura Road,525.0,1.0,1.0,27.5,1
Thanisandra,1226.0,2.0,1.0,65.0,2
Sarjapur  Road,1220.0,3.0,2.0,56.0,3
Uttarahalli,1330.0,2.0,1.0,56.0,3
Uttarahalli,1075.0,2.0,1.0,46.76,2
Uttarahalli,1540.0,3.0,0.0,50.0,3
Whitefield,1116.0,2.0,1.0,51.91,2
Yelahanka,654.0,1.0,1.0,38.4,1
Marathahalli,1215.0,2.0,2.0,58.86,2
Yelahanka,1140.0,2.0,1.0,50.66,2
Electronic City Phase II,1025.0,2.0,1.0,29.6,2
Sarjapur  Road,1826.0,3.0,2.0,130.0,3
Sarjapur  Road,1879.0,3.0,2.0,155.0,3
Whitefield,1190.0,2.0,3.0,59.0,2
7th Phase JP Nagar,1680.0,3.0,3.0,130.0,3
Bannerghatta Road,1400.0,3.0,2.0,69.0,3
Whitefield,1730.0,3.0,2.0,125.0,3
Sarjapur  Road,1115.0,2.0,2.0,43.0,2
Kanakpura Road,2254.0,3.0,2.0,170.0,3
Haralur Road,2017.0,3.0,2.0,105.0,3
Electronic City,1800.0,3.0,2.0,95.0,3
Electronic City,1165.0,2.0,1.0,33.64,2
Electronic City,1130.0,2.0,1.0,32.64,2
Electronic City,2010.0,3.0,2.0,201.0,3
Whitefield,1200.0,3.0,1.0,56.0,3
Bannerghatta Road,1760.0,3.0,2.0,67.0,3
Marathahalli,1525.0,3.0,2.0,90.0,3
Hebbal,1100.0,2.0,2.0,42.0,2
Bannerghatta Road,1206.0,2.0,3.0,53.0,2
Uttarahalli,1045.0,2.0,1.0,45.0,2
Whitefield,1116.0,2.0,3.0,51.91,2
Whitefield,1280.0,2.0,2.0,52.0,2
Thanisandra,663.0,1.0,1.0,46.0,1
Kanakpura Road,1200.0,2.0,0.0,62.0,2
Bannerghatta Road,1656.0,2.0,1.0,62.93,3
Sarjapur  Road,1181.0,2.0,1.0,65.0,3
Whitefield,1165.0,2.0,1.0,40.5,2
Bannerghatta Road,1215.0,2.0,1.0,68.0,2
Sarjapur  Road,1691.0,3.0,2.0,93.01,3
Whitefield,1132.0,2.0,1.0,79.28,2
Whitefield,1150.0,2.0,2.0,40.21,2
Kanakpura Road,1250.0,3.0,3.0,62.6,3
Marathahalli,1220.0,2.0,1.0,59.0,2
Haralur Road,1315.0,2.0,1.0,85.0,2
Bannerghatta Road,1532.5,3.0,0.0,84.29,3
Whitefield,1485.0,2.0,1.0,90.0,2
Marathahalli,950.0,2.0,1.0,45.68,2
Sarjapur  Road,1881.0,3.0,2.0,145.0,3
Electronic City,1350.0,3.0,2.0,66.0,3
Whitefield,1225.0,2.0,2.0,47.6,2
Kanakpura Road,2000.0,3.0,3.0,105.0,3
Yelahanka,602.0,1.0,1.0,33.0,1
Yelahanka,567.0,1.0,1.0,25.0,1
Raja Rajeshwari Nagar,1196.0,2.0,2.0,40.54,2
Electronic City Phase II,1135.0,2.0,2.0,46.0,2
Electronic City,1025.0,2.0,1.0,54.1,2
Whitefield,905.0,1.0,1.0,62.0,1
7th Phase JP Nagar,1675.0,2.0,2.0,135.0,3
Whitefield,840.0,1.0,1.0,57.0,1
Kanakpura Road,1419.59,2.0,1.0,59.0,3
Thanisandra,1732.0,3.0,1.0,85.73,3
Thanisandra,2030.0,4.0,1.0,125.0,3
Thanisandra,1698.0,3.0,2.0,125.0,3
Thanisandra,1874.0,4.0,1.0,130.0,3
Raja Rajeshwari Nagar,1278.0,2.0,1.0,53.76,3
Kanakpura Road,1296.0,2.0,1.0,89.0,2
Yelahanka,1100.0,2.0,1.0,60.0,2
Uttarahalli,1590.0,3.0,2.0,57.0,3
Electronic City,1353.0,2.0,3.0,75.0,2
Yelahanka,2195.0,4.0,2.0,127.0,3
Whitefield,2173.0,3.0,2.0,128.0,3
Yelahanka,1400.0,2.0,2.0,80.54,3
Marathahalli,1020.0,2.0,1.0,57.0,2
Thanisandra,1185.0,2.0,2.0,42.67,2
Sarjapur  Road,1670.0,2.0,3.0,57.0,3
Sarjapur  Road,984.0,2.0,1.0,45.91,2
Electronic City,1575.0,3.0,1.0,94.5,3
Kanakpura Road,1843.0,3.0,2.0,82.0,3
Kanakpura Road,1498.0,3.0,2.0,74.9,3
Electronic City Phase II,1219.0,2.0,1.0,61.25,2
Whitefield,1608.0,2.0,3.0,63.0,3
Electronic City Phase II,900.0,2.0,2.0,32.5,2
Marathahalli,1019.0,2.0,2.0,49.86,2
Yelahanka,654.0,1.0,1.0,38.0,1
Electronic City,1355.0,2.0,1.0,72.9,2
Hennur Road,1685.0,3.0,2.0,95.0,3
Whitefield,1404.0,2.0,2.0,59.0,3
Kanakpura Road,1207.0,2.0,2.0,79.9,2
Kanakpura Road,525.0,1.0,1.0,30.0,1
Sarjapur  Road,1084.0,2.0,3.0,55.0,2
Haralur Road,1520.0,2.0,2.0,96.0,3
Sarjapur  Road,1157.0,2.0,1.0,75.0,3
Uttarahalli,1284.0,2.0,2.0,53.36,2
Hennur Road,1445.0,2.0,1.0,83.0,3
Hebbal,1320.0,2.0,1.0,91.0,2
Whitefield,1495.0,2.0,2.0,79.5,2
Thanisandra,1930.0,4.0,2.0,122.0,3
Kanakpura Road,1450.0,3.0,3.0,60.9,3
Hennur Road,1804.0,3.0,2.0,102.0,3
Electronic City,1250.0,2.0,1.0,62.0,2
Uttarahalli,1125.0,2.0,1.0,47.0,2
Raja Rajeshwari Nagar,1260.0,2.0,1.0,67.39,2
Raja Rajeshwari Nagar,1165.0,2.0,1.0,45.0,2
Whitefield,2140.0,3.0,2.0,139.0,3
7th Phase JP Nagar,1270.0,2.0,2.0,93.0,2
Electronic City,1128.0,2.0,1.0,65.65,2
Electronic City,1110.0,2.0,1.0,39.9,2
Thanisandra,693.0,1.0,1.0,34.3,1
Bannerghatta Road,1181.0,2.0,0.0,55.0,2
Kanakpura Road,1155.0,2.0,1.0,55.5,2
Whitefield,1190.0,2.0,2.0,60.0,2
Whitefield,1113.0,2.0,1.0,62.0,2
Kanakpura Road,1843.0,3.0,2.0,95.84,3
Haralur Road,1520.0,2.0,2.0,96.0,3
Kanakpura Road,1700.0,3.0,3.0,120.0,3
Electronic City,1000.0,2.0,2.0,22.0,2
Kanakpura Road,700.0,2.0,1.0,35.07,2
Whitefield,1991.0,3.0,2.0,104.0,3
Whitefield,1200.0,2.0,2.0,46.13,2
Yelahanka,1756.0,3.0,2.0,125.0,3
Whitefield,1115.0,2.0,1.0,51.91,2
Hebbal,1255.0,2.0,1.0,90.0,3
Sarjapur  Road,1525.0,2.0,2.0,65.0,3
Marathahalli,1050.0,2.0,1.0,65.0,2
Thanisandra,662.0,1.0,1.0,42.0,1
Haralur Road,1243.0,2.0,2.0,46.0,2
Electronic City,1150.0,2.0,1.0,38.08,2
Hebbal,1662.0,3.0,2.0,155.0,3
Haralur Road,1810.0,3.0,2.0,100.0,3
Uttarahalli,1200.0,2.0,2.0,44.0,2
Raja Rajeshwari Nagar,1288.0,2.0,1.0,70.0,3
Bannerghatta Road,1200.0,2.0,2.0,65.0,2
Yelahanka,1282.0,2.0,1.0,48.72,3
Electronic City,1140.0,2.0,1.0,70.93,2
Kanakpura Road,1240.0,2.0,2.0,65.0,2
Raja Rajeshwari Nagar,1140.0,2.0,1.0,49.27,2
Uttarahalli,938.0,2.0,0.0,35.0,2
Kanakpura Road,1366.0,2.0,1.0,83.0,2
Bannerghatta Road,1846.0,3.0,2.0,120.0,3
Bannerghatta Road,1200.0,2.0,2.0,78.0,2
Electronic City,1128.0,2.0,1.0,64.0,2
Hebbal,1269.0,2.0,1.0,73.0,3
Uttarahalli,1135.0,2.0,2.0,39.73,3
Sarjapur  Road,1242.0,2.0,1.0,78.0,2
Whitefield,1150.0,2.0,3.0,44.0,3
Whitefield,1200.0,3.0,2.0,57.15,3
Whitefield,1314.0,2.0,1.0,84.0,2
Electronic City Phase II,1220.0,3.0,1.0,35.23,3
Haralur Road,1243.0,2.0,2.0,46.0,2
Electronic City,1360.0,2.0,1.0,75.0,3
Uttarahalli,1213.0,2.0,2.0,48.0,2
Electronic City Phase II,1116.0,2.0,2.0,37.0,2
7th Phase JP Nagar,2200.0,4.0,2.0,105.0,3
Electronic City Phase II,1065.0,2.0,1.0,30.75,2
Sarjapur  Road,1060.0,2.0,1.0,50.0,2
Electronic City,1500.0,2.0,1.0,78.0,3
Thanisandra,1546.0,3.0,1.0,95.0,3
Marathahalli,1290.0,2.0,2.0,52.0,2
Electronic City Phase II,630.0,1.0,1.0,40.0,1
Uttarahalli,1155.0,2.0,1.0,40.6,2
Uttarahalli,1137.0,2.0,1.0,63.0,2
Electronic City,1060.0,2.0,1.0,52.0,2
Whitefield,1050.0,2.0,3.0,43.0,2
Sarjapur  Road,1104.0,2.0,1.0,34.22,2
Electronic City Phase II,650.0,1.0,1.0,35.0,1
Bannerghatta Road,1200.0,2.0,0.0,125.0,4
Hennur Road,1250.0,2.0,1.0,77.88,3
Marathahalli,1196.0,2.0,2.0,57.95,2
Marathahalli,1360.0,2.0,1.0,101.0,2
Sarjapur  Road,1197.0,2.0,1.0,56.86,2
Hebbal,1036.0,2.0,1.0,50.0,2
Electronic City Phase II,1065.0,2.0,1.0,56.13,2
Whitefield,735.0,2.0,1.0,35.0,2
Uttarahalli,1250.0,2.0,1.0,50.0,3
Hebbal,1250.0,2.0,1.0,55.55,2
Hennur Road,1936.0,3.0,1.0,118.0,3
Kanakpura Road,1330.0,2.0,1.0,107.0,2
Kanakpura Road,900.0,2.0,1.0,41.0,2
Hebbal,1255.0,2.0,1.0,77.68,3
Yelahanka,1180.0,2.0,1.0,56.0,2
Marathahalli,957.0,2.0,1.0,46.9,2
Sarjapur  Road,1939.0,3.0,0.0,98.0,3
Whitefield,1720.0,3.0,2.0,128.0,3
Whitefield,1232.0,2.0,2.0,45.0,2
Haralur Road,1810.0,3.0,2.0,112.0,3
7th Phase JP Nagar,1050.0,2.0,1.0,77.0,2
Kanakpura Road,1328.0,2.0,3.0,91.06,2
Electronic City,1200.0,2.0,2.0,40.5,2
Sarjapur  Road,1565.0,3.0,2.0,78.0,3
Electronic City Phase II,1000.0,2.0,1.0,28.88,2
Sarjapur  Road,1157.0,2.0,1.0,72.0,3
Electronic City,870.0,2.0,1.0,39.5,2
Raja Rajeshwari Nagar,1625.0,2.0,2.0,54.0,3
Kanakpura Road,1220.0,2.0,2.0,60.0,2
Electronic City,660.0,1.0,1.0,15.5,2
Electronic City,890.0,2.0,1.0,40.0,2
Hennur Road,1891.0,3.0,1.0,109.0,3
Marathahalli,1530.0,3.0,2.0,71.0,3
Sarjapur  Road,1400.0,3.0,2.0,55.0,3
Marathahalli,1530.0,3.0,2.0,74.5,3
Raja Rajeshwari Nagar,1270.0,2.0,2.0,62.0,2
Uttarahalli,1134.0,2.0,1.0,45.36,2
Haralur Road,1830.0,3.0,2.0,101.0,3
Bannerghatta Road,1430.0,3.0,2.0,59.0,3
Marathahalli,1840.0,3.0,3.0,98.0,3
Whitefield,1356.0,2.0,1.0,94.84,2
Whitefield,1109.0,2.0,1.0,35.47,2
Raja Rajeshwari Nagar,1279.0,2.0,1.0,53.76,3
Uttarahalli,1310.0,2.0,1.0,85.0,3
Kanakpura Road,1100.0,2.0,1.0,58.0,3
Sarjapur  Road,1830.0,3.0,1.0,119.0,3
Haralur Road,1140.0,2.0,2.0,58.0,2
Hebbal,1075.0,2.0,3.0,52.0,2
Uttarahalli,1250.0,2.0,2.0,50.0,3
Yelahanka,1210.0,2.0,1.0,45.98,2
Thanisandra,1200.0,2.0,1.0,53.5,2
Raja Rajeshwari Nagar,1090.0,2.0,1.0,57.0,2
7th Phase JP Nagar,1035.0,2.0,1.0,39.33,2
Sarjapur  Road,1060.0,2.0,1.0,55.0,2
Electronic City,1500.0,2.0,1.0,77.5,3
7th Phase JP Nagar,1050.0,2.0,1.0,57.0,3
Electronic City,660.0,1.0,1.0,15.0,2
7th Phase JP Nagar,1190.0,2.0,1.0,49.98,2
Whitefield,1220.0,2.0,1.0,55.0,2
Haralur Road,1243.0,2.0,2.0,46.0,2
Sarjapur  Road,1691.0,3.0,2.0,119.0,3
Electronic City,1500.0,2.0,1.0,70.0,3
7th Phase JP Nagar,1850.0,3.0,2.0,140.0,3
Thanisandra,1795.0,3.0,2.0,150.0,3
Raja Rajeshwari Nagar,1240.0,2.0,2.0,42.04,2
Kanakpura Road,1843.0,3.0,2.0,85.0,3
Uttarahalli,1215.0,2.0,2.0,52.85,3
Haralur Road,1000.0,2.0,1.0,78.0,2
Thanisandra,1056.0,2.0,2.0,70.0,2
Sarjapur  Road,1242.0,2.0,1.0,75.0,2
Electronic City,1400.0,2.0,1.0,40.45,3
Whitefield,1140.0,2.0,2.0,45.0,2
Yelahanka,1847.0,3.0,3.0,92.0,3
Thanisandra,1185.0,2.0,2.0,45.0,2
Sarjapur  Road,691.0,1.0,1.0,31.1,1
Yelahanka,654.0,1.0,1.0,36.25,1
Whitefield,1216.0,2.0,1.0,75.0,2
Thanisandra,1588.0,3.0,1.0,75.55,3
Sarjapur  Road,1222.0,2.0,1.0,68.0,3
Hebbal,1080.0,2.0,1.0,54.0,2
Hebbal,1299.0,2.0,1.0,97.0,2
Whitefield,750.0,1.0,1.0,51.0,1
Hebbal,1420.0,2.0,1.0,99.39,2
Electronic City,1070.0,2.0,1.0,52.0,2
Hennur Road,1981.0,3.0,1.0,134.0,3
7th Phase JP Nagar,2000.0,3.0,2.0,77.0,3
Sarjapur  Road,1132.0,2.0,1.0,70.0,2
Marathahalli,1146.0,2.0,1.0,70.0,2
Yelahanka,1560.0,2.0,2.0,98.0,3
7th Phase JP Nagar,1080.0,2.0,2.0,75.0,2
Whitefield,1725.0,3.0,2.0,106.0,3
Electronic City Phase II,1070.0,2.0,2.0,45.0,2
Kanakpura Road,1299.0,2.0,1.0,105.0,2
Yelahanka,660.0,1.0,0.0,48.0,1
Whitefield,1100.0,2.0,2.0,52.0,2
Whitefield,1216.0,2.0,1.0,69.06,2
Whitefield,1205.0,2.0,2.0,58.0,2
7th Phase JP Nagar,1128.0,2.0,1.0,60.0,2
Kanakpura Road,1480.0,2.0,2.0,64.23,3
Electronic City,1090.0,2.0,1.0,31.48,1
Hebbal,1645.0,3.0,2.0,117.0,3
Uttarahalli,1107.0,2.0,1.0,45.0,2
Raja Rajeshwari Nagar,1258.0,2.0,1.0,63.53,2
7th Phase JP Nagar,1000.0,2.0,2.0,60.0,2
Whitefield,1740.0,3.0,3.0,85.0,3
Uttarahalli,1270.0,2.0,1.0,55.25,3
Sarjapur  Road,1129.0,2.0,1.0,69.0,2
Whitefield,1000.0,2.0,1.0,35.0,2
7th Phase JP Nagar,1300.0,2.0,2.0,52.0,3
Electronic City,1615.0,3.0,2.0,97.0,3
Sarjapur  Road,1157.0,2.0,1.0,53.99,3
Kanakpura Road,458.0,1.0,0.0,33.66,1
Whitefield,805.0,2.0,2.0,35.0,2
Uttarahalli,1175.0,2.0,1.0,47.0,2
Kanakpura Road,1100.0,3.0,2.0,53.0,3
Sarjapur  Road,1850.0,3.0,3.0,140.0,3
Bannerghatta Road,1260.0,2.0,2.0,70.0,2
Whitefield,1024.0,2.0,1.0,32.0,2
Electronic City,1386.0,2.0,1.0,85.0,2
Yelahanka,1270.0,2.0,2.0,57.0,2
Marathahalli,1125.0,2.0,2.0,56.8,2
Sarjapur  Road,1000.0,2.0,2.0,40.0,2
Raja Rajeshwari Nagar,600.0,1.0,1.0,22.0,1
Sarjapur  Road,1145.0,2.0,2.0,75.0,2
Uttarahalli,1279.0,2.0,2.0,48.0,2
Sarjapur  Road,1067.0,2.0,1.0,60.0,2
Uttarahalli,882.0,2.0,1.0,30.0,2
Whitefield,709.0,1.0,0.0,34.385,1
Thanisandra,1142.5,2.0,0.0,43.415,2
Kanakpura Road,1100.0,3.0,1.0,52.97,3
Hebbal,1420.0,2.0,1.0,99.26,2
Raja Rajeshwari Nagar,1510.0,2.0,2.0,55.0,3
Uttarahalli,1270.0,2.0,2.0,55.25,3
Sarjapur  Road,1374.0,3.0,2.0,51.0,3
Hebbal,1200.0,2.0,2.0,48.0,2
Hennur Road,2000.0,4.0,0.0,90.0,4
Thanisandra,1114.0,2.0,1.0,39.0,2
Haralur Road,2017.0,3.0,2.0,125.0,3
Whitefield,1315.0,2.0,2.0,69.5,2
Hebbal,1100.0,2.0,1.0,60.0,2
Sarjapur  Road,1390.0,2.0,2.0,62.0,2
Haralur Road,1976.0,3.0,2.0,92.0,3
Kanakpura Road,1450.0,3.0,3.0,54.3,3
Sarjapur  Road,984.0,2.0,1.0,45.91,2
Uttarahalli,1345.0,2.0,1.0,57.0,3
Whitefield,1370.0,2.0,2.0,56.0,2
Uttarahalli,1290.0,2.0,2.0,56.12,3
Marathahalli,1650.0,3.0,3.0,86.45,3
Kanakpura Road,1450.0,3.0,2.0,65.0,3
Kanakpura Road,1180.0,2.0,2.0,57.0,2
Whitefield,1155.0,2.0,2.0,55.0,2
Sarjapur  Road,1115.0,2.0,2.0,50.0,2
Electronic City,1020.0,2.0,1.0,29.46,2
Whitefield,1585.0,3.0,2.0,88.0,3
Electronic City,1650.0,3.0,2.0,100.0,3
Electronic City Phase II,1220.0,3.0,1.0,35.25,3
Whitefield,1346.0,2.0,1.0,100.0,3
Sarjapur  Road,1200.0,3.0,1.0,95.0,3
Bannerghatta Road,1246.0,2.0,2.0,47.35,2
Hennur Road,1891.0,3.0,1.0,109.0,3
Whitefield,905.0,1.0,1.0,60.0,1
Raja Rajeshwari Nagar,1608.0,2.0,2.0,85.0,2
Whitefield,630.5,1.0,0.0,32.15,1
Haralur Road,1243.0,2.0,2.0,46.0,2
Raja Rajeshwari Nagar,1196.0,2.0,2.0,51.15,2
Thanisandra,1430.0,2.0,2.0,51.46,3
Electronic City,1025.0,2.0,1.0,53.9,2
Marathahalli,1780.0,4.0,3.0,175.0,4
Kanakpura Road,1050.0,2.0,1.0,35.0,2
Hennur Road,1445.0,2.0,1.0,89.56,3
Electronic City,1530.0,2.0,1.0,45.9,3
Sarjapur  Road,2230.0,4.0,3.0,225.0,4
Sarjapur  Road,984.0,2.0,1.0,45.75,2
Thanisandra,1735.0,3.0,3.0,135.0,3
Electronic City,1470.0,2.0,1.0,44.1,3
Hennur Road,1482.0,2.0,3.0,97.0,3
Haralur Road,1520.0,2.0,2.0,125.0,3
Hebbal,823.0,2.0,1.0,50.63,2
Thanisandra,1131.0,2.0,0.0,55.975,2
Electronic City Phase II,1000.0,2.0,1.0,28.88,2
Thanisandra,1800.0,3.0,3.0,90.0,3
Electronic City,825.0,2.0,1.0,30.0,2
Marathahalli,1583.0,3.0,3.0,115.0,3
Electronic City,1175.0,2.0,1.0,47.0,2
Sarjapur  Road,2145.0,3.0,3.0,190.0,3
Raja Rajeshwari Nagar,1751.0,3.0,3.0,72.0,3
Uttarahalli,1050.0,2.0,1.0,42.0,2
Sarjapur  Road,2180.0,4.0,3.0,180.0,3
Sarjapur  Road,1403.0,3.0,1.0,56.0,3
Yelahanka,1274.0,2.0,2.0,48.42,2
Electronic City,1275.0,3.0,1.0,70.0,3
Raja Rajeshwari Nagar,1196.0,2.0,2.0,40.54,2
Hennur Road,1450.0,3.0,2.0,79.0,3
Electronic City,1125.0,2.0,1.0,28.13,2
7th Phase JP Nagar,1765.0,3.0,2.0,118.0,3
Electronic City Phase II,1790.0,3.0,3.0,100.0,3
Raja Rajeshwari Nagar,945.0,2.0,1.0,45.0,2
Hebbal,1150.0,2.0,1.0,55.0,2
Electronic City,1060.0,2.0,1.0,51.0,2
Kanakpura Road,1699.0,3.0,3.0,81.94,3
7th Phase JP Nagar,1420.0,2.0,2.0,96.0,3
Electronic City,1070.0,2.0,1.0,48.0,2
Whitefield,1216.0,2.0,1.0,69.0,2
Kanakpura Road,1703.0,3.0,2.0,126.0,3
Raja Rajeshwari Nagar,1693.0,3.0,1.0,71.38,3
Whitefield,1570.0,3.0,3.0,88.0,3
Sarjapur  Road,1525.0,2.0,3.0,63.0,3
Sarjapur  Road,1428.0,2.0,2.0,66.0,3
Sarjapur  Road,1850.0,3.0,2.0,89.0,3
Yelahanka,651.0,1.0,1.0,17.5,1
Yelahanka,697.0,1.0,0.0,45.0,1
Haralur Road,1520.0,2.0,2.0,90.0,3
Thanisandra,1702.0,3.0,2.0,130.0,3
Sarjapur  Road,1929.0,4.0,1.0,101.0,3
Haralur Road,1243.0,2.0,2.0,45.0,2
Marathahalli,1933.0,3.0,2.0,140.0,3
Thanisandra,1296.0,2.0,2.0,83.0,2
Electronic City,630.0,1.0,1.0,34.65,1
Bannerghatta Road,1486.0,3.0,1.0,83.22,3
Sarjapur  Road,1864.0,3.0,2.0,105.0,4
Thanisandra,1573.0,3.0,2.0,115.0,3
Whitefield,1200.0,2.0,1.0,46.13,2
Bannerghatta Road,1247.0,2.0,1.0,47.39,2
Electronic City,1571.0,3.0,2.0,105.0,3
Hebbal,1800.0,3.0,2.0,140.0,3
Yelahanka,1890.0,3.0,2.0,109.0,3
Yelahanka,1455.0,3.0,1.0,61.5,3
Bannerghatta Road,1527.0,3.0,1.0,142.0,3
Whitefield,1270.0,2.0,1.0,110.0,2
Bannerghatta Road,1880.0,3.0,2.0,95.0,3
Electronic City Phase II,1020.0,2.0,1.0,30.6,2
Hennur Road,1350.0,2.0,3.0,49.0,2
Raja Rajeshwari Nagar,1060.0,2.0,1.0,48.0,2
Electronic City,605.0,1.0,0.0,13.31,1
Whitefield,1275.0,2.0,3.0,65.0,3
Yelahanka,1664.0,3.0,0.0,73.95,3
Whitefield,1240.0,2.0,2.0,70.0,2
Hebbal,1645.0,3.0,2.0,117.0,3
Hebbal,1344.0,2.0,1.0,108.0,2
Electronic City,1140.0,2.0,2.0,33.84,2
Hennur Road,1450.0,3.0,1.0,88.6,3
Whitefield,1190.0,2.0,2.0,67.0,2
Kanakpura Road,525.0,1.0,1.0,26.0,1
Raja Rajeshwari Nagar,1430.0,2.0,1.0,50.0,3
Uttarahalli,1099.0,2.0,2.0,65.0,2
Whitefield,1697.0,3.0,2.0,108.0,3
Whitefield,1660.0,3.0,1.0,110.0,3
Haralur Road,1194.0,2.0,2.0,46.0,2
Hennur Road,1976.0,3.0,3.0,65.21,3
Marathahalli,1530.0,3.0,2.0,73.5,3
Whitefield,1095.0,2.0,1.0,35.0,2
Thanisandra,1100.0,2.0,2.0,42.0,2
Hennur Road,980.0,2.0,1.0,51.0,2
Bannerghatta Road,1270.0,2.0,2.0,45.0,2
Thanisandra,1930.0,4.0,2.0,120.0,3
Electronic City Phase II,1160.0,2.0,1.0,33.51,2
Sarjapur  Road,1405.0,3.0,2.0,48.87,3
Kanakpura Road,1300.0,2.0,1.0,89.76,2
Raja Rajeshwari Nagar,1530.0,3.0,2.0,64.0,3
Electronic City,1000.0,2.0,1.0,29.95,2
Whitefield,1192.0,2.0,1.0,71.0,2
Kanakpura Road,2100.0,3.0,2.0,140.0,3
Kanakpura Road,525.0,1.0,1.0,30.0,1
Whitefield,1270.0,2.0,2.0,52.0,2
Electronic City Phase II,1320.0,2.0,1.0,38.13,3
Bannerghatta Road,1012.0,2.0,1.0,44.0,2
Kanakpura Road,1366.0,3.0,1.0,76.85,2
Electronic City,800.0,2.0,2.0,32.0,2
Whitefield,1125.0,2.0,2.0,45.0,2
Electronic City Phase II,1400.0,2.0,2.0,40.44,3
Sarjapur  Road,1680.0,3.0,2.0,126.0,3
Raja Rajeshwari Nagar,1144.0,2.0,2.0,38.55,2
Electronic City Phase II,2225.0,4.0,0.0,98.88,4
Haralur Road,1194.0,2.0,2.0,46.0,2
Whitefield,1400.0,2.0,1.0,80.0,2
Yelahanka,1180.0,2.0,3.0,42.0,2
Raja Rajeshwari Nagar,1608.0,3.0,1.0,67.98,3
Sarjapur  Road,1929.0,3.0,1.0,103.0,3
Electronic City,1320.0,2.0,1.0,38.13,3
Haralur Road,1194.0,2.0,2.0,47.0,2
Raja Rajeshwari Nagar,1140.0,2.0,2.0,38.55,2
Raja Rajeshwari Nagar,1260.0,2.0,1.0,62.0,3
Hennur Road,1232.0,2.0,1.0,66.0,2
Marathahalli,1583.0,3.0,3.0,109.0,3
7th Phase JP Nagar,1405.0,2.0,2.0,59.01,3
Electronic City,1500.0,3.0,1.0,73.0,3
Thanisandra,1702.0,3.0,2.0,120.0,3
Hebbal,1320.0,2.0,1.0,92.0,2
Bannerghatta Road,1218.0,2.0,1.0,73.0,2
Yelahanka,1650.0,3.0,3.0,105.0,3
Raja Rajeshwari Nagar,1200.0,4.0,1.0,160.0,4
Whitefield,1187.0,2.0,1.0,37.85,2
Raja Rajeshwari Nagar,1100.0,2.0,1.0,50.0,2
Whitefield,1100.0,2.0,2.0,65.0,2
Whitefield,1430.0,3.0,2.0,52.0,3
Electronic City,660.0,1.0,1.0,23.0,2
Uttarahalli,1160.0,2.0,2.0,40.58,2
Thanisandra,777.0,1.0,0.0,38.535,1
7th Phase JP Nagar,1680.0,2.0,3.0,92.0,3
Thanisandra,2050.0,3.0,2.0,150.0,3
Sarjapur  Road,1550.0,2.0,1.0,89.0,3
Whitefield,1205.0,2.0,1.0,40.0,2
Hebbal,1355.0,3.0,1.0,83.87,3
7th Phase JP Nagar,1680.0,3.0,2.0,125.0,3
Whitefield,624.0,1.0,1.0,35.0,1
Uttarahalli,1330.0,2.0,1.0,56.0,3
Whitefield,1655.0,3.0,2.0,97.0,3
Uttarahalli,1175.0,2.0,1.0,47.0,2
7th Phase JP Nagar,1140.0,2.0,1.0,57.0,2
Sarjapur  Road,1115.0,2.0,2.0,50.0,2
Kanakpura Road,900.0,2.0,1.0,41.0,2
Whitefield,1216.0,2.0,1.0,66.48,2
Hebbal,1251.0,2.0,1.0,88.73,2
Hennur Road,1500.0,2.0,2.0,62.0,3
Thanisandra,1183.0,2.0,1.0,58.56,2
Uttarahalli,1328.0,2.0,1.0,56.0,3
Whitefield,1440.0,2.0,2.0,64.0,3
Whitefield,1010.0,2.0,1.0,45.0,3
Thanisandra,1188.0,2.0,1.0,36.0,2
Electronic City,1152.0,2.0,1.0,65.75,2
Yelahanka,1000.0,2.0,1.0,29.0,2
Hebbal,1349.0,2.0,1.0,98.0,2
Thanisandra,923.0,1.0,1.0,45.69,1
Electronic City,1200.0,2.0,1.0,20.0,2
Electronic City,1128.0,2.0,1.0,65.5,2
Sarjapur  Road,710.0,1.0,1.0,27.0,1
Uttarahalli,1002.0,2.0,1.0,40.08,2
Thanisandra,1185.5,2.0,0.0,58.68,2
Whitefield,750.0,2.0,1.0,52.7,2
Kanakpura Road,1300.0,3.0,1.0,69.0,3
Yelahanka,1300.0,2.0,3.0,65.0,2
Electronic City,1342.0,2.0,1.0,90.0,2
Kanakpura Road,1593.0,3.0,1.0,118.0,3
Marathahalli,1485.0,2.0,2.0,90.0,3
Whitefield,1190.0,2.0,1.0,70.0,2
Yelahanka,1408.0,2.0,2.0,58.0,2
Electronic City,710.0,2.0,2.0,16.0,2
Whitefield,1808.0,4.0,0.0,80.0,3
Marathahalli,1208.0,2.0,2.0,70.0,2
Marathahalli,1200.0,2.0,1.0,53.0,2
Bannerghatta Road,1122.5,2.0,0.0,58.935,2
Hennur Road,1561.0,3.0,2.0,95.0,3
Raja Rajeshwari Nagar,1210.0,2.0,2.0,45.0,2
Yelahanka,700.0,1.0,1.0,38.0,1
Thanisandra,1262.0,2.0,1.0,83.0,3
Electronic City,1060.0,2.0,1.0,55.0,2
Yelahanka,1270.0,2.0,2.0,78.0,2
Electronic City,1140.0,2.0,1.0,32.93,2
Yelahanka,1350.0,2.0,1.0,55.55,2
Uttarahalli,1475.0,2.0,3.0,59.0,3
Hebbal,1355.0,3.0,2.0,83.87,3
Sarjapur  Road,1278.0,2.0,2.0,90.0,2
7th Phase JP Nagar,1050.0,2.0,0.0,68.0,2
Hebbal,1100.0,2.0,2.0,47.0,2
Sarjapur  Road,1300.0,2.0,2.0,60.0,2
7th Phase JP Nagar,1130.0,2.0,2.0,73.0,2
Whitefield,1200.0,2.0,1.0,46.13,2
Electronic City,1350.0,3.0,2.0,58.0,3
Kanakpura Road,1297.0,2.0,1.0,105.0,2
Thanisandra,1445.0,2.0,3.0,40.31,3
Bannerghatta Road,1655.0,3.0,3.0,90.0,3
Raja Rajeshwari Nagar,1185.0,2.0,2.0,40.17,2
Whitefield,1186.0,2.0,3.0,55.0,2
Thanisandra,1430.0,2.0,2.0,54.11,3
Thanisandra,1188.0,2.0,1.0,39.0,2
Kanakpura Road,1100.0,3.0,2.0,53.0,3
Sarjapur  Road,1173.0,2.0,2.0,45.75,3
Electronic City,660.0,1.0,0.0,18.0,2
Electronic City,1070.0,2.0,1.0,53.0,2
Thanisandra,1098.0,2.0,1.0,74.0,2
Hebbal,1645.0,3.0,2.0,117.0,3
Sarjapur  Road,1140.0,2.0,1.0,40.0,2
Sarjapur  Road,914.0,2.0,1.0,32.0,2
Thanisandra,1430.0,2.0,3.0,56.0,3
Hebbal,1294.0,2.0,1.0,115.0,2
Sarjapur  Road,1819.0,3.0,2.0,100.0,3
Raja Rajeshwari Nagar,1187.0,2.0,2.0,40.14,2
Marathahalli,2181.0,3.0,2.0,152.0,4
Whitefield,1200.0,3.0,1.0,56.72,3
Whitefield,1452.0,2.0,2.0,46.29,3
Haralur Road,1027.0,2.0,2.0,44.0,2
Electronic City,1500.0,2.0,1.0,100.0,3
Sarjapur  Road,1200.0,2.0,2.0,75.0,2
Kanakpura Road,1628.0,2.0,2.0,68.0,2
Uttarahalli,1345.0,2.0,1.0,57.0,3
Raja Rajeshwari Nagar,1160.0,2.0,1.0,70.0,2
Haralur Road,1194.0,2.0,2.0,46.0,2
Hebbal,1985.0,4.0,2.0,189.0,3
Sarjapur  Road,2140.0,3.0,2.0,139.0,3
Sarjapur  Road,1470.0,3.0,0.0,62.0,3
Bannerghatta Road,1105.0,2.0,1.0,51.0,2
Raja Rajeshwari Nagar,1395.0,2.0,2.0,72.0,3
Electronic City,880.0,2.0,2.0,29.0,2
Yelahanka,1517.0,3.0,2.0,71.28,3
Bannerghatta Road,1154.0,2.0,2.0,47.0,2
Hennur Road,1066.0,2.0,1.0,52.23,2
Electronic City,1070.0,2.0,1.0,55.0,2
Hennur Road,1232.0,2.0,1.0,87.0,2
Whitefield,1990.0,3.0,3.0,98.0,3
Raja Rajeshwari Nagar,1693.0,3.0,3.0,57.39,3
Haralur Road,1810.0,3.0,2.0,100.0,3
Sarjapur  Road,1254.0,3.0,2.0,38.0,3
Yelahanka,1040.0,2.0,1.0,48.86,2
Kanakpura Road,1665.0,3.0,2.0,74.9,3
Kanakpura Road,1450.0,3.0,3.0,62.4,3
Electronic City,660.0,1.0,1.0,23.1,2
Haralur Road,1230.0,2.0,1.0,78.0,2
Whitefield,1626.0,3.0,3.0,89.0,3
Raja Rajeshwari Nagar,1151.0,2.0,1.0,49.0,2
Whitefield,920.0,2.0,1.0,63.0,2
Raja Rajeshwari Nagar,1580.0,2.0,2.0,66.85,3
Uttarahalli,1330.0,2.0,2.0,46.55,3
Marathahalli,1950.0,3.0,2.0,115.0,3
Uttarahalli,1125.0,2.0,1.0,47.65,2
Sarjapur  Road,1600.0,3.0,1.0,85.0,3
Kanakpura Road,2250.0,4.0,1.0,110.0,4
Hebbal,1255.0,3.0,2.0,77.68,3
Thanisandra,1183.0,2.0,1.0,77.3,2
Yelahanka,1430.0,3.0,1.0,61.0,3
Marathahalli,1026.0,2.0,1.0,50.18,2
Whitefield,1204.0,4.0,1.0,125.0,4
Electronic City Phase II,1400.0,2.0,2.0,40.45,3
Bannerghatta Road,1550.0,3.0,2.0,78.0,3
Whitefield,1140.0,2.0,2.0,39.0,2
Uttarahalli,1150.0,2.0,2.0,70.0,2
Haralur Road,1300.0,2.0,2.0,75.0,2
Whitefield,1870.0,3.0,2.0,138.0,3
Electronic City Phase II,875.0,2.0,2.0,40.0,3
Whitefield,2010.0,3.0,2.0,91.0,3
Electronic City Phase II,1220.0,2.0,1.0,35.23,3
Yelahanka,1200.0,2.0,1.0,70.0,2
Thanisandra,1564.0,3.0,1.0,105.0,3
Whitefield,1896.0,3.0,1.0,75.0,3
Sarjapur  Road,1300.0,2.0,2.0,70.0,3
Yelahanka,870.0,2.0,1.0,27.0,2
Kanakpura Road,1299.0,2.0,2.0,85.0,2
7th Phase JP Nagar,1385.0,2.0,2.0,58.17,3
Bannerghatta Road,1150.0,2.0,2.0,55.0,2
Electronic City Phase II,1310.0,2.0,1.0,37.84,3
Hebbal,1645.0,3.0,2.0,121.0,3
Hennur Road,1232.0,2.0,1.0,69.6,2
Uttarahalli,1315.0,2.0,2.0,74.0,3
Electronic City,630.0,1.0,1.0,46.0,1
7th Phase JP Nagar,1680.0,3.0,2.0,125.0,3
Whitefield,1415.0,2.0,3.0,67.0,2
Kanakpura Road,1452.0,3.0,3.0,56.5,3
Kanakpura Road,1603.0,3.0,3.0,113.0,3
Bannerghatta Road,905.0,2.0,1.0,58.0,2
Hebbal,1586.0,3.0,2.0,90.0,3
Sarjapur  Road,1346.0,2.0,1.0,61.92,2
Thanisandra,580.0,1.0,1.0,27.5,1
Kanakpura Road,1296.0,2.0,3.0,89.06,2
Hennur Road,1570.0,3.0,0.0,75.99,3
Electronic City Phase II,1320.0,2.0,1.0,38.12,3
Haralur Road,1140.0,2.0,2.0,43.0,2
Haralur Road,1225.0,2.0,1.0,67.38,2
Electronic City,1128.0,2.0,1.0,65.58,2
Uttarahalli,1385.0,2.0,2.0,48.48,3
7th Phase JP Nagar,1400.0,2.0,1.0,95.0,3
Hebbal,1138.0,2.0,1.0,110.0,2
Electronic City,1400.0,2.0,1.0,40.44,3
Bannerghatta Road,1556.0,2.0,1.0,59.13,3
Sarjapur  Road,1550.0,2.0,2.0,98.0,3
Thanisandra,1230.0,2.0,2.0,44.0,2
Electronic City,1363.0,2.0,1.0,79.0,2
Kanakpura Road,900.0,1.0,0.0,45.0,2
Haralur Road,1300.0,2.0,2.0,60.0,2
Thanisandra,1111.0,2.0,1.0,50.0,2
Sarjapur  Road,1190.0,2.0,1.0,50.0,2
Whitefield,1520.0,2.0,2.0,150.0,3
Electronic City Phase II,1310.0,2.0,1.0,32.75,3
Whitefield,1060.0,2.0,1.0,35.0,2
Whitefield,935.0,2.0,1.0,32.72,2
Thanisandra,1935.0,4.0,2.0,122.0,3
Whitefield,1130.0,2.0,1.0,36.0,2
Yelahanka,1075.0,1.0,0.0,19.5,1
Raja Rajeshwari Nagar,1306.0,2.0,1.0,55.91,2
Electronic City,770.0,1.0,1.0,39.9,2
7th Phase JP Nagar,1180.0,2.0,2.0,72.0,2
Electronic City,1108.0,2.0,1.0,67.15,2
Hennur Road,1186.0,2.0,1.0,56.0,3
Kanakpura Road,1452.0,3.0,3.0,60.98,3
Thanisandra,1702.0,3.0,2.0,115.0,3
Electronic City Phase II,1300.0,2.0,2.0,28.0,2
Thanisandra,965.0,2.0,1.0,56.0,2
Kanakpura Road,1100.0,3.0,1.0,58.0,3
Bannerghatta Road,1022.0,2.0,1.0,35.0,2
Kanakpura Road,1691.2,3.0,1.0,115.0,3
Whitefield,1639.0,3.0,2.0,107.0,3
Yelahanka,1792.0,3.0,1.0,104.0,3
Thanisandra,663.0,1.0,0.0,32.82,1
Electronic City,1575.0,3.0,3.0,101.0,3
7th Phase JP Nagar,980.0,2.0,1.0,77.44,2
Sarjapur  Road,2100.0,3.0,2.0,130.0,3
Kanakpura Road,1100.0,3.0,2.0,58.0,3
Sarjapur  Road,1693.0,3.0,2.0,125.0,3
Kanakpura Road,1550.0,3.0,3.0,65.1,3
Hennur Road,1310.0,2.0,1.0,66.0,2
Thanisandra,1185.0,2.0,2.0,42.6,2
Kanakpura Road,1495.0,2.0,2.0,52.33,3
Marathahalli,1285.0,2.0,2.0,55.0,2
Electronic City,1152.0,2.0,1.0,64.5,2
Sarjapur  Road,2100.0,3.0,1.0,135.0,3
Electronic City,1089.0,2.0,2.0,45.0,2
Electronic City,1100.0,2.0,2.0,42.0,2
Yelahanka,1517.0,3.0,2.0,76.3,3
Kanakpura Road,1900.0,3.0,3.0,125.0,3
Thanisandra,1140.0,2.0,1.0,36.0,2
Sarjapur  Road,1105.0,2.0,2.0,40.0,2
Whitefield,1405.0,2.0,2.0,84.5,2
Kanakpura Road,1300.0,3.0,1.0,69.0,3
Bannerghatta Road,892.0,2.0,1.0,39.0,2
Sarjapur  Road,915.0,2.0,1.0,38.0,2
Electronic City Phase II,1310.0,2.0,1.0,37.83,3
7th Phase JP Nagar,1460.0,2.0,1.0,97.0,3
Whitefield,1820.0,3.0,2.0,113.0,3
Sarjapur  Road,1857.0,4.0,3.0,155.0,3
Kanakpura Road,1290.0,2.0,3.0,74.0,2
Whitefield,1306.0,3.0,2.0,54.65,3
Hebbal,1420.0,2.0,2.0,107.0,2
Thanisandra,1801.0,3.0,2.0,115.0,3
Hennur Road,1482.0,2.0,1.0,83.73,3
Uttarahalli,1360.0,2.0,2.0,47.59,3
Electronic City Phase II,1651.0,3.0,1.0,49.53,3
Kanakpura Road,1450.0,2.0,2.0,62.93,3
Whitefield,1245.0,2.0,1.0,59.76,2
Uttarahalli,1025.0,2.0,1.0,35.88,2
Uttarahalli,1125.0,1.0,2.0,45.0,2
Haralur Road,1243.0,2.0,2.0,46.0,2
Whitefield,1778.0,3.0,2.0,122.0,3
Hennur Road,1192.0,2.0,1.0,60.0,3
Kanakpura Road,700.0,2.0,1.0,36.0,2
Marathahalli,1019.0,2.0,2.0,49.86,2
Yelahanka,2145.0,3.0,3.0,125.0,3
Kanakpura Road,1329.0,2.0,1.0,107.0,2
Thanisandra,1230.0,2.0,2.0,44.0,2
Kanakpura Road,700.0,2.0,1.0,36.0,2
Raja Rajeshwari Nagar,1105.0,2.0,1.0,65.0,2
Electronic City Phase II,1000.0,2.0,1.0,28.88,2
Kanakpura Road,700.0,2.0,1.0,35.0,2
Whitefield,1655.0,3.0,1.0,108.0,3
Electronic City,1070.0,2.0,1.0,52.0,2
Uttarahalli,1245.0,2.0,2.0,43.58,3
7th Phase JP Nagar,1300.0,3.0,2.0,89.13,3
Kanakpura Road,1470.0,2.0,2.0,61.74,2
Thanisandra,934.0,2.0,2.0,55.0,2
Marathahalli,1108.0,2.0,1.0,60.0,3
Yelahanka,1500.0,2.0,2.0,63.0,3
Electronic City,1142.0,2.0,0.0,35.0,2
Raja Rajeshwari Nagar,1757.0,3.0,3.0,98.0,3
Hennur Road,1182.0,2.0,2.0,82.5,2
Haralur Road,1810.0,3.0,2.0,126.0,3
Kanakpura Road,1339.0,2.0,2.0,85.0,2
Sarjapur  Road,980.0,2.0,1.0,25.0,2
Uttarahalli,850.0,2.0,2.0,37.93,2
Electronic City,1652.0,3.0,3.0,110.0,3
Marathahalli,1358.0,2.0,1.0,81.0,2
Haralur Road,1255.0,3.0,2.0,115.0,3
Kanakpura Road,525.0,1.0,1.0,30.0,1
Raja Rajeshwari Nagar,1133.0,2.0,1.0,49.07,2
Hebbal,1500.0,3.0,1.0,150.0,3
Yelahanka,1445.0,2.0,2.0,82.0,2
Whitefield,1205.0,2.0,2.0,58.0,2
Marathahalli,1125.0,2.0,1.0,54.8,2
Marathahalli,1700.0,3.0,2.0,126.0,3
Sarjapur  Road,1347.0,2.0,1.0,44.0,3
Yelahanka,1327.0,2.0,3.0,85.0,2
Uttarahalli,1490.0,2.0,2.0,59.6,3
Uttarahalli,1250.0,2.0,1.0,55.0,3
Sarjapur  Road,1530.0,2.0,2.0,60.0,3
Electronic City Phase II,1940.0,4.0,3.0,116.0,3
Sarjapur  Road,1150.0,2.0,2.0,77.0,2
Haralur Road,1140.0,2.0,2.0,43.0,2
Yelahanka,1120.0,2.0,2.0,55.0,2
Haralur Road,1255.0,2.0,1.0,90.0,3
Electronic City,770.0,1.0,1.0,36.0,2
Whitefield,1564.0,3.0,1.0,103.0,3
Haralur Road,1243.0,2.0,2.0,46.0,2
Sarjapur  Road,1117.0,2.0,3.0,29.99,2
Uttarahalli,1020.0,2.0,2.0,45.0,2
Raja Rajeshwari Nagar,1162.0,2.0,0.0,65.0,2
Electronic City,975.0,2.0,2.0,37.5,2
Sarjapur  Road,1194.0,2.0,1.0,57.0,2
Sarjapur  Road,1660.0,2.0,2.0,116.0,3
Hebbal,1355.0,3.0,2.0,83.87,3
Yelahanka,915.0,2.0,2.0,48.0,2
Whitefield,1295.0,2.0,1.0,64.5,2
Whitefield,1130.0,2.0,1.0,36.0,2
Electronic City,1110.0,2.0,1.0,39.95,2
Electronic City Phase II,1266.0,2.0,2.0,59.0,2
Thanisandra,1427.0,3.0,2.0,120.0,3
Marathahalli,1350.0,3.0,1.0,72.0,3
Yelahanka,1859.0,3.0,1.0,108.0,3
Electronic City Phase II,1020.0,2.0,1.0,29.45,2
Sarjapur  Road,1026.0,2.0,1.0,60.8,2
Hennur Road,1831.0,3.0,1.0,110.0,3
Sarjapur  Road,2238.0,3.0,1.0,140.0,3
Hebbal,1440.0,2.0,1.0,115.0,2
Sarjapur  Road,1323.0,2.0,2.0,74.0,2
Haralur Road,1817.0,3.0,2.0,110.0,3
Yelahanka,1614.0,3.0,2.0,93.0,3
Thanisandra,1370.0,2.0,1.0,61.0,3
Whitefield,709.0,1.0,0.0,34.735,1
Electronic City,1700.0,3.0,2.0,90.0,3
Whitefield,1458.0,2.0,2.0,62.0,3
Uttarahalli,1235.0,2.0,3.0,90.0,2
Marathahalli,881.0,2.0,1.0,48.06,2
Haralur Road,1027.0,2.0,2.0,44.0,2
Hebbal,1175.0,2.0,0.0,54.05,2
Sarjapur  Road,702.0,1.0,1.0,52.0,1
Kanakpura Road,1570.0,3.0,3.0,64.5,3
Whitefield,1740.0,4.0,3.0,130.0,3
Electronic City,1355.0,2.0,1.0,73.0,2
Haralur Road,1455.0,2.0,1.0,145.0,2
Yelahanka,600.0,2.0,2.0,27.0,2
Yelahanka,1304.0,2.0,1.0,79.0,2
Kanakpura Road,1843.0,3.0,2.0,90.0,3
Electronic City Phase II,1116.0,2.0,2.0,40.0,2
Hennur Road,1165.0,2.0,1.0,52.0,2
Bannerghatta Road,1302.5,2.0,0.0,67.73,2
Whitefield,1800.0,2.0,2.0,70.0,3
Haralur Road,1735.0,3.0,2.0,97.0,3
Thanisandra,2144.0,3.0,2.0,145.0,3
Whitefield,1100.0,2.0,1.0,46.5,2
Sarjapur  Road,1505.0,2.0,2.0,60.0,3
Kanakpura Road,1452.0,3.0,3.0,60.98,3
Sarjapur  Road,1525.0,2.0,2.0,87.0,3
Thanisandra,1996.0,3.0,2.0,135.0,3
Electronic City,1210.0,2.0,2.0,25.0,2
Whitefield,1125.0,2.0,2.0,62.0,2
Thanisandra,1296.0,2.0,2.0,72.0,2
Thanisandra,1694.0,3.0,1.0,125.0,3
7th Phase JP Nagar,980.0,2.0,2.0,69.0,2
Thanisandra,1825.0,3.0,2.0,100.0,3
Marathahalli,1170.0,2.0,2.0,85.0,2
Kanakpura Road,1223.0,2.0,2.0,42.81,3
Whitefield,1200.0,3.0,2.0,67.75,3
Bannerghatta Road,1465.0,2.0,1.0,76.0,3
Bannerghatta Road,1240.0,2.0,1.0,65.0,2
Uttarahalli,1360.0,2.0,2.0,47.59,3
Whitefield,1420.0,2.0,2.0,136.0,2
Haralur Road,1464.0,3.0,2.0,56.0,3
Sarjapur  Road,1195.0,2.0,1.0,70.0,2
Marathahalli,1200.0,1.0,1.0,103.0,2
Sarjapur  Road,1115.0,2.0,1.0,50.0,2
Whitefield,1447.0,2.0,1.0,83.0,2
Whitefield,1280.0,2.0,2.0,75.0,2
Sarjapur  Road,1680.0,3.0,1.0,112.0,3
Raja Rajeshwari Nagar,1580.0,3.0,1.0,83.74,3
Haralur Road,1243.0,2.0,2.0,46.0,2
Electronic City Phase II,1000.0,2.0,1.0,28.88,2
Marathahalli,1200.0,2.0,2.0,128.0,2
Kanakpura Road,1050.0,2.0,1.0,36.75,2
Uttarahalli,1330.0,2.0,2.0,46.45,3
Electronic City Phase II,1140.0,2.0,1.0,34.0,2
Yelahanka,1050.0,2.0,1.0,45.0,2
Yelahanka,1180.0,2.0,1.0,55.0,2
Sarjapur  Road,1711.0,3.0,1.0,110.0,3
Raja Rajeshwari Nagar,1240.0,2.0,2.0,40.54,2
Uttarahalli,1125.0,2.0,1.0,48.0,2
Sarjapur  Road,1577.0,3.0,2.0,65.0,3
Electronic City,1017.0,2.0,2.0,27.0,2
Whitefield,1755.0,3.0,3.0,101.0,3
Marathahalli,1937.0,3.0,2.0,140.0,3
Uttarahalli,1200.0,4.0,3.0,179.0,4
Raja Rajeshwari Nagar,1295.0,2.0,2.0,70.0,2
Whitefield,1453.0,2.0,2.0,58.0,3
Hennur Road,2060.0,3.0,1.0,149.0,3
Hennur Road,1030.0,2.0,1.0,46.5,2
Whitefield,524.0,1.0,1.0,29.0,1
Thanisandra,1100.0,2.0,1.0,38.0,2
Whitefield,1403.0,2.0,2.0,60.81,3
Uttarahalli,1200.0,4.0,3.0,155.0,4
Thanisandra,1732.0,3.0,3.0,85.73,3
Kanakpura Road,1332.0,2.0,1.0,108.0,2
Sarjapur  Road,1888.0,4.0,1.0,95.0,3
Hennur Road,1672.0,3.0,2.0,86.0,3
Thanisandra,1533.0,3.0,0.0,75.885,3
Electronic City,1070.0,2.0,1.0,56.1,2
Thanisandra,760.0,1.0,2.0,50.0,1
Hennur Road,1590.0,3.0,2.0,96.5,3
Thanisandra,1595.0,3.0,1.0,110.0,3
7th Phase JP Nagar,1050.0,2.0,1.0,71.0,2
Whitefield,1548.0,3.0,1.0,65.0,3
Electronic City Phase II,769.0,2.0,1.0,40.0,2
Hennur Road,1936.0,3.0,1.0,131.0,3
Electronic City,919.0,2.0,2.0,34.0,2
Hebbal,1333.0,2.0,1.0,100.0,2
Thanisandra,1056.0,2.0,1.0,75.0,2
Kanakpura Road,1700.0,3.0,3.0,88.0,3
Thanisandra,1185.0,2.0,2.0,43.0,2
Marathahalli,780.0,1.0,1.0,55.0,1
Electronic City,635.0,1.0,1.0,28.0,1
Thanisandra,1965.0,4.0,2.0,125.0,3
Electronic City,1400.0,3.0,1.0,90.0,3
Sarjapur  Road,1350.0,2.0,1.0,85.0,2
Whitefield,1495.0,2.0,1.0,79.5,2
Whitefield,1700.0,3.0,2.0,115.0,3
Bannerghatta Road,1240.0,2.0,1.0,71.0,2
Kanakpura Road,1665.0,3.0,2.0,78.0,3
Yelahanka,1711.0,3.0,3.0,85.61,3
Uttarahalli,1290.0,2.0,3.0,56.12,3
Whitefield,1216.0,2.0,1.0,75.0,2
Whitefield,2025.0,4.0,2.0,115.0,3
Whitefield,905.0,1.0,1.0,55.0,1
Sarjapur  Road,1272.5,2.0,0.0,40.72,3
Kanakpura Road,2000.0,2.0,0.0,180.0,3
Kanakpura Road,1500.0,2.0,2.0,69.0,2
Sarjapur  Road,858.0,2.0,1.0,31.57,2
Uttarahalli,1085.0,2.0,2.0,43.0,2
Thanisandra,760.0,1.0,2.0,50.4,1
Marathahalli,1095.0,2.0,1.0,60.0,2
Raja Rajeshwari Nagar,1133.0,2.0,2.0,40.0,2
Electronic City,1599.0,3.0,2.0,99.0,3
Kanakpura Road,1450.0,3.0,3.0,55.0,3
Electronic City Phase II,1310.0,2.0,1.0,37.83,3
Sarjapur  Road,1282.0,2.0,2.0,72.0,2
Electronic City Phase II,1140.0,2.0,1.0,33.84,2
Electronic City,1128.0,2.0,1.0,68.0,2
Uttarahalli,1260.0,2.0,2.0,55.0,2
Electronic City,1020.0,2.0,1.0,29.45,2
Sarjapur  Road,1200.0,2.0,1.0,93.0,2
Kanakpura Road,1260.0,3.0,3.0,63.58,3
Hennur Road,1232.0,2.0,2.0,89.0,2
Whitefield,1360.0,2.0,1.0,95.0,2
Sarjapur  Road,1346.0,2.0,1.0,67.38,2
Yelahanka,1075.0,2.0,1.0,33.53,3
Electronic City,1100.0,2.0,1.0,40.0,2
Electronic City,1518.0,3.0,3.0,75.0,3
Sarjapur  Road,1220.0,3.0,2.0,58.0,3
Whitefield,1386.0,3.0,1.0,57.46,3
Hennur Road,1165.0,2.0,1.0,67.0,2
Thanisandra,1690.0,3.0,2.0,125.0,3
Hennur Road,950.0,2.0,1.0,55.0,2
Sarjapur  Road,1346.0,2.0,1.0,71.32,2
Hebbal,1645.0,3.0,2.0,113.0,3
Whitefield,1175.0,2.0,2.0,50.0,2
Kanakpura Road,1100.0,2.0,1.0,52.97,3
Raja Rajeshwari Nagar,1485.0,2.0,2.0,63.0,3
Marathahalli,1310.0,3.0,1.0,63.22,3
Whitefield,1495.0,2.0,1.0,78.0,2
Whitefield,1115.0,2.0,0.0,34.555,2
Electronic City,1060.0,2.0,1.0,60.0,2
Whitefield,1063.0,2.0,1.0,42.52,2
Sarjapur  Road,1255.0,2.0,1.0,92.0,2
Raja Rajeshwari Nagar,1575.0,2.0,2.0,78.0,3
Whitefield,1227.0,2.0,2.0,53.49,2
Hebbal,1255.0,3.0,2.0,77.68,3
Electronic City,1374.0,2.0,1.0,72.0,3
Bannerghatta Road,1050.0,2.0,1.0,65.0,2
Electronic City,1500.0,2.0,1.0,78.0,3
Electronic City,1571.0,3.0,2.0,83.0,3
Raja Rajeshwari Nagar,1235.0,2.0,1.0,75.0,2
Thanisandra,1411.0,3.0,1.0,93.15,3
Electronic City,1025.0,2.0,1.0,49.0,2
Whitefield,1550.0,2.0,2.0,49.6,3
Hebbal,1900.0,3.0,2.0,119.0,3
Marathahalli,1600.0,3.0,3.0,58.0,3
Yelahanka,1390.0,2.0,2.0,65.31,2
Uttarahalli,1090.0,2.0,2.0,45.0,2
Yelahanka,628.0,1.0,1.0,24.0,1
Electronic City,750.0,2.0,1.0,19.5,2
Uttarahalli,1425.0,2.0,2.0,64.0,3
Bannerghatta Road,1693.0,3.0,2.0,89.0,3
7th Phase JP Nagar,1270.0,2.0,1.0,83.0,2
Whitefield,1115.0,2.0,1.0,55.0,2
Electronic City Phase II,1310.0,2.0,2.0,37.83,3
Whitefield,1322.5,3.0,0.0,40.985,3
Electronic City,1128.0,2.0,1.0,63.0,2
Electronic City,1128.0,2.0,1.0,63.5,2
Haralur Road,1464.0,3.0,2.0,56.0,3
Hennur Road,1445.0,2.0,2.0,86.69,3
Kanakpura Road,1591.0,3.0,1.0,122.0,3
Sarjapur  Road,1800.0,3.0,2.0,128.0,3
Whitefield,1720.0,3.0,3.0,100.0,3
Yelahanka,1326.0,2.0,2.0,78.0,2
Yelahanka,1371.0,2.0,2.0,65.0,3
Whitefield,1190.0,2.0,1.0,64.0,2
Sarjapur  Road,1457.0,3.0,3.0,85.0,3
Sarjapur  Road,1220.0,3.0,2.0,58.0,3
Kanakpura Road,1296.0,2.0,1.0,89.0,2
Hennur Road,1155.0,2.0,1.0,69.18,2
Kanakpura Road,1077.0,2.0,1.0,37.7,2
Yelahanka,1076.0,2.0,1.0,78.0,2
Yelahanka,654.0,1.0,1.0,37.0,1
Whitefield,1400.0,2.0,3.0,56.0,3
Haralur Road,1243.0,2.0,2.0,46.0,2
Yelahanka,1890.0,4.0,2.0,85.0,3
Hennur Road,1232.0,2.0,1.0,69.61,2
Sarjapur  Road,994.0,2.0,2.0,45.0,2
Electronic City,1691.0,2.0,2.0,102.0,3
Kanakpura Road,1550.0,3.0,3.0,63.5,3
Electronic City,1500.0,2.0,1.0,75.0,3
Electronic City,1355.0,2.0,1.0,97.6,2
Haralur Road,1225.0,2.0,1.0,67.48,2
Raja Rajeshwari Nagar,1168.0,2.0,1.0,66.0,2
Bannerghatta Road,1136.0,2.0,1.0,48.0,2
Whitefield,1242.0,2.0,2.0,65.0,2
Uttarahalli,1385.0,2.0,2.0,48.48,3
7th Phase JP Nagar,990.0,2.0,2.0,50.0,2
Electronic City,1571.0,3.0,2.0,89.0,3
Uttarahalli,1345.0,2.0,1.0,57.0,3
Electronic City Phase II,1800.0,3.0,3.0,92.0,3
Electronic City,1073.0,2.0,2.0,60.0,2
7th Phase JP Nagar,1850.0,3.0,1.0,150.0,3
Thanisandra,971.5,2.0,0.0,36.435,2
7th Phase JP Nagar,1680.0,3.0,2.0,120.0,3
Electronic City,1125.0,2.0,1.0,32.49,2
Whitefield,1897.0,3.0,2.0,130.0,3
7th Phase JP Nagar,1040.0,2.0,1.0,75.0,2
Uttarahalli,1390.0,2.0,2.0,62.55,3
Yelahanka,1780.0,3.0,2.0,107.0,3
Sarjapur  Road,1770.0,3.0,2.0,180.0,3
Sarjapur  Road,715.0,1.0,2.0,29.0,1
Haralur Road,1920.0,3.0,1.0,115.0,3
Marathahalli,1600.0,3.0,2.0,56.0,3
Yelahanka,1610.0,4.0,2.0,85.0,3
Sarjapur  Road,1314.0,2.0,2.0,70.44,3
Sarjapur  Road,1691.0,3.0,2.0,100.0,3
Marathahalli,1305.0,2.0,1.0,69.0,3
Electronic City Phase II,1165.0,2.0,1.0,30.29,2
Thanisandra,1056.0,2.0,2.0,68.0,2
Yelahanka,697.0,1.0,1.0,35.0,1
Bannerghatta Road,1450.0,2.0,2.0,78.0,3
Thanisandra,1430.0,2.0,3.0,54.5,3
Hennur Road,1891.0,3.0,1.0,110.0,3
Thanisandra,784.0,1.0,0.0,35.285,1
Bannerghatta Road,1476.0,3.0,1.0,125.0,3
Yelahanka,1050.0,2.0,2.0,33.1,2
Yelahanka,1225.0,2.0,2.0,62.0,2
Bannerghatta Road,1520.0,2.0,3.0,80.0,3
Thanisandra,1183.0,2.0,1.0,59.74,2
Raja Rajeshwari Nagar,1510.0,2.0,3.0,59.0,3
Raja Rajeshwari Nagar,1128.0,2.0,1.0,48.79,2
Thanisandra,1595.0,3.0,1.0,105.0,3
Electronic City Phase II,1200.0,2.0,1.0,34.65,2
Kanakpura Road,525.0,1.0,1.0,26.0,1
Thanisandra,1265.0,2.0,2.0,85.0,2
Uttarahalli,1150.0,2.0,1.0,46.0,2
Sarjapur  Road,984.0,2.0,1.0,59.0,2
Sarjapur  Road,1612.0,3.0,1.0,98.38,3
7th Phase JP Nagar,1075.0,2.0,1.0,57.0,3
Thanisandra,1573.0,3.0,2.0,100.0,3
Uttarahalli,1308.0,2.0,3.0,53.0,3
Whitefield,1285.0,2.0,2.0,55.9,2
Yelahanka,1556.0,3.0,2.0,86.0,3
Uttarahalli,1163.0,2.0,2.0,68.0,2
Yelahanka,1600.0,2.0,3.0,75.0,3
Uttarahalli,1500.0,3.0,1.0,68.0,3
Sarjapur  Road,1180.0,2.0,2.0,45.0,3
Sarjapur  Road,1157.0,2.0,1.0,74.0,3
Electronic City Phase II,1020.0,2.0,2.0,32.0,2
Electronic City,1070.0,2.0,1.0,55.0,2
Sarjapur  Road,1044.0,2.0,2.0,55.0,2
7th Phase JP Nagar,1680.0,3.0,2.0,122.0,3
Marathahalli,1065.0,2.0,2.0,55.0,2
Yelahanka,1705.0,3.0,1.0,74.16,3
7th Phase JP Nagar,1100.0,2.0,2.0,44.0,2
Electronic City Phase II,911.0,2.0,1.0,26.5,2
Whitefield,1640.0,4.0,2.0,91.0,3
Electronic City,1500.0,2.0,1.0,78.25,3
7th Phase JP Nagar,1650.0,3.0,2.0,110.0,3
Whitefield,1451.0,2.0,2.0,46.4,3
Yelahanka,1600.0,3.0,3.0,100.0,3
Whitefield,1340.0,2.0,1.0,101.0,2
Bannerghatta Road,1725.0,3.0,3.0,85.0,3
Uttarahalli,1490.0,2.0,2.0,59.6,3
Marathahalli,1710.0,3.0,2.0,100.0,3
Electronic City,1220.0,2.0,2.0,35.24,3
Raja Rajeshwari Nagar,1580.0,3.0,3.0,53.56,3
Kanakpura Road,525.0,1.0,1.0,27.25,1
Kanakpura Road,1843.0,3.0,2.0,85.0,3
Yelahanka,1060.0,2.0,1.0,40.0,2
Kanakpura Road,1339.0,2.0,2.0,58.0,2
Electronic City,1400.0,2.0,1.0,40.44,3
Electronic City,435.0,1.0,1.0,22.0,1
7th Phase JP Nagar,1420.0,2.0,1.0,100.0,3
Haralur Road,1464.0,3.0,2.0,56.0,3
Uttarahalli,1143.0,2.0,2.0,45.0,2
Haralur Road,1243.0,2.0,2.0,46.0,2
Raja Rajeshwari Nagar,1140.0,2.0,2.0,44.0,2
Whitefield,1215.0,2.0,2.0,39.0,2
7th Phase JP Nagar,1300.0,2.0,2.0,52.0,3
Raja Rajeshwari Nagar,1151.0,2.0,2.0,39.02,2
Thanisandra,1697.0,3.0,2.0,114.0,3
Hennur Road,1155.0,2.0,1.0,69.18,2
Hennur Road,1232.0,2.0,1.0,69.61,2
Uttarahalli,1590.0,3.0,2.0,58.0,3
Electronic City,1170.0,2.0,1.0,33.0,2
Uttarahalli,1330.0,2.0,2.0,46.55,3
Marathahalli,1170.0,2.0,3.0,53.0,2
Whitefield,840.0,1.0,1.0,57.6,1
Marathahalli,2122.0,3.0,2.0,125.0,3
Whitefield,1200.0,2.0,1.0,45.0,2
Marathahalli,1200.0,2.0,1.0,58.17,3
Uttarahalli,1280.0,2.0,2.0,75.0,2
Thanisandra,1634.0,3.0,3.0,78.0,3
Kanakpura Road,1051.0,2.0,2.0,56.74,2
Hennur Road,1186.0,2.0,1.0,63.0,3
Whitefield,1500.0,3.0,1.0,71.8,3
Kanakpura Road,700.0,2.0,1.0,40.0,2
Uttarahalli,1788.0,3.0,2.0,98.34,3
Electronic City,1090.0,2.0,1.0,31.48,2
Yelahanka,990.0,2.0,2.0,37.62,2
Yelahanka,1327.0,2.0,2.0,98.0,2
Whitefield,1187.0,2.0,1.0,38.0,2
Whitefield,1560.0,2.0,2.0,72.0,3
Hebbal,1200.0,2.0,1.0,60.0,2
Haralur Road,1088.0,2.0,1.0,68.0,2
Uttarahalli,1123.0,2.0,2.0,60.0,2
Hebbal,812.0,2.0,2.0,55.0,2
7th Phase JP Nagar,850.0,2.0,2.0,42.0,2
Hennur Road,1482.0,2.0,2.0,83.73,3
Electronic City,1125.0,2.0,1.0,58.0,2
Marathahalli,1583.0,3.0,3.0,105.0,3
Whitefield,1500.0,3.0,1.0,61.95,3
Electronic City,1220.0,2.0,1.0,35.23,3
Uttarahalli,1300.0,2.0,2.0,55.0,2
Sarjapur  Road,1016.0,2.0,1.0,45.0,2
Electronic City Phase II,829.0,2.0,1.0,22.8,2
Haralur Road,1464.0,3.0,2.0,56.0,3
Sarjapur  Road,975.0,2.0,0.0,28.275,2
Hebbal,1200.0,2.0,1.0,49.0,2
Kanakpura Road,1450.0,2.0,2.0,70.18,3
Thanisandra,1093.0,2.0,2.0,70.0,2
Kanakpura Road,1309.0,2.0,3.0,64.39,2
Hennur Road,1020.0,2.0,0.0,45.0,2
Electronic City,1000.0,2.0,1.0,29.7,2
Raja Rajeshwari Nagar,1128.0,2.0,2.0,38.24,2
Haralur Road,1464.0,3.0,2.0,56.0,3
Uttarahalli,1065.0,2.0,2.0,42.59,3
Marathahalli,1230.0,2.0,1.0,57.0,2
Kanakpura Road,1419.59,2.0,1.0,65.0,3
Electronic City Phase II,1252.0,2.0,1.0,67.0,2
Haralur Road,1875.0,3.0,3.0,110.0,3
Marathahalli,1350.0,2.0,1.0,90.0,2
Yelahanka,1705.0,3.0,2.0,85.0,3
Whitefield,1200.0,3.0,1.0,67.77,3
Whitefield,1355.0,3.0,3.0,76.0,2
Haralur Road,1225.0,2.0,1.0,77.0,2
7th Phase JP Nagar,1215.0,2.0,2.0,90.0,2
Haralur Road,1464.0,2.0,2.0,56.0,2
Sarjapur  Road,1691.0,3.0,1.0,98.0,3
Sarjapur  Road,1157.0,2.0,1.0,75.0,3
Kanakpura Road,1542.0,2.0,3.0,85.0,3
Bannerghatta Road,1711.0,3.0,2.0,125.0,3
Thanisandra,933.0,2.0,1.0,66.0,2
Thanisandra,1183.0,2.0,1.0,77.25,2
7th Phase JP Nagar,1035.0,2.0,1.0,41.39,2
Bannerghatta Road,1880.0,3.0,2.0,96.5,3
Electronic City Phase II,1160.0,2.0,1.0,52.2,2
Sarjapur  Road,1691.0,3.0,2.0,113.0,3
7th Phase JP Nagar,1120.0,2.0,2.0,65.0,2
7th Phase JP Nagar,750.0,1.0,2.0,47.0,1
Thanisandra,2127.0,3.0,2.0,135.0,3
Thanisandra,1225.0,2.0,1.0,37.0,2
Raja Rajeshwari Nagar,1140.0,2.0,2.0,38.65,2
Sarjapur  Road,1115.0,2.0,2.0,50.0,2
7th Phase JP Nagar,1070.0,2.0,1.0,42.79,2
Thanisandra,693.0,1.0,1.0,34.3,1
Hebbal,1920.0,3.0,2.0,134.0,3
Sarjapur  Road,1150.0,2.0,0.0,36.8,2
Haralur Road,1243.0,2.0,2.0,46.0,2
Uttarahalli,1000.0,2.0,1.0,35.0,2
Electronic City Phase II,1502.0,3.0,3.0,50.0,3
Kanakpura Road,1005.0,2.0,1.0,36.68,2
Electronic City,1000.0,2.0,3.0,25.0,2
Bannerghatta Road,1465.0,2.0,1.0,45.87,3
Hennur Road,1317.5,2.0,0.0,63.77,2
Electronic City,1575.0,3.0,2.0,90.0,3
Electronic City,1160.0,2.0,2.0,42.0,3
Hebbal,1088.0,2.0,2.0,61.45,2
Sarjapur  Road,1000.0,2.0,1.0,38.5,2
Raja Rajeshwari Nagar,1400.0,2.0,2.0,45.0,2
Uttarahalli,1155.0,2.0,2.0,40.43,2
Electronic City,910.0,2.0,1.0,40.0,2
Hebbal,1255.0,2.0,1.0,77.68,3
Raja Rajeshwari Nagar,1030.0,2.0,1.0,50.0,2
Uttarahalli,980.0,2.0,1.0,45.0,2
Whitefield,1639.0,3.0,2.0,107.0,3
Thanisandra,1276.0,2.0,2.0,75.0,2
Hennur Road,901.0,2.0,1.0,49.5,2
Kanakpura Road,900.0,2.0,1.0,41.0,2
Sarjapur  Road,1112.0,2.0,1.0,62.0,2
Uttarahalli,1330.0,2.0,2.0,46.55,3
Marathahalli,615.0,1.0,1.0,44.0,1
Sarjapur  Road,1846.0,3.0,2.0,140.0,3
Marathahalli,1130.0,2.0,2.0,58.0,3
Thanisandra,2019.0,3.0,1.0,70.67,3
Yelahanka,1325.0,2.0,2.0,58.0,3
Electronic City,1644.0,3.0,2.0,92.59,3
Marathahalli,1152.0,2.0,1.0,90.0,2
Thanisandra,1564.0,3.0,1.0,101.0,3
Electronic City,1094.0,2.0,2.0,42.0,2
Electronic City,919.0,2.0,2.0,40.0,2
Hebbal,1645.0,3.0,2.0,117.0,3
Uttarahalli,661.0,1.0,1.0,36.0,1
7th Phase JP Nagar,1575.0,2.0,2.0,120.0,3
Sarjapur  Road,1691.0,3.0,3.0,120.0,3
Sarjapur  Road,1385.0,3.0,1.0,55.0,3
Whitefield,1015.0,2.0,3.0,56.0,2
Bannerghatta Road,1100.0,2.0,0.0,39.0,2
Yelahanka,1381.0,2.0,2.0,52.48,3
Whitefield,1118.0,2.0,1.0,42.0,2
Kanakpura Road,1843.0,3.0,2.0,95.84,3
Sarjapur  Road,1400.0,2.0,2.0,68.0,2
Haralur Road,1255.0,3.0,1.0,130.0,3
7th Phase JP Nagar,1275.0,2.0,2.0,88.0,3
7th Phase JP Nagar,1000.0,2.0,1.0,70.65,2
Whitefield,1431.0,3.0,2.0,85.0,3
Electronic City,2000.0,4.0,0.0,120.0,4
Marathahalli,1019.0,2.0,2.0,49.85,2
Hebbal,1920.0,3.0,2.0,134.0,3
Sarjapur  Road,475.0,1.0,1.0,26.0,1
Kanakpura Road,1135.0,2.0,2.0,58.0,2
